"capability_id","route","workspace","loading","empty","first_use","populated","filtered_empty","partial","stale","validation_error","server_error","permission_denied","blocked","dependency_missing","approval_pending","success","save_failure","unsaved","conflict","paused","archived","not_ready","source_review_status","notes"
"CAP-B03-009","/angelcare-marketplace/admin/customers/[customerId]/activity","Clients","IMPLEMENTED","IMPLEMENTED","IMPLEMENTED","IMPLEMENTED","IMPLEMENTED","NOT_APPLICABLE","NOT_APPLICABLE","IMPLEMENTED","IMPLEMENTED","IMPLEMENTED","IMPLEMENTED","NOT_APPLICABLE","NOT_APPLICABLE","IMPLEMENTED","IMPLEMENTED","IMPLEMENTED","IMPLEMENTED","NOT_APPLICABLE","IMPLEMENTED","NOT_APPLICABLE","SOURCE_REVIEWED","Task and communication state is based on persisted reads; authenticated mutation UAT pending."
"CAP-B05-006","/angelcare-marketplace/admin/media/library","Boutique","IMPLEMENTED","IMPLEMENTED","IMPLEMENTED","IMPLEMENTED","IMPLEMENTED","IMPLEMENTED","NOT_APPLICABLE","IMPLEMENTED","IMPLEMENTED","IMPLEMENTED","IMPLEMENTED","IMPLEMENTED","NOT_APPLICABLE","IMPLEMENTED","IMPLEMENTED","NOT_APPLICABLE","IMPLEMENTED","IMPLEMENTED","IMPLEMENTED","IMPLEMENTED","SOURCE_REVIEWED","Direct upload progress is real XHR progress; storage unavailable/config missing is explicit."
"CAP-B06-003","/angelcare-marketplace/admin/live-experience-command/proof-sources","Marketing & promotions","IMPLEMENTED","IMPLEMENTED","IMPLEMENTED","IMPLEMENTED","NOT_APPLICABLE","IMPLEMENTED","IMPLEMENTED","IMPLEMENTED","IMPLEMENTED","IMPLEMENTED","IMPLEMENTED","IMPLEMENTED","NOT_APPLICABLE","IMPLEMENTED","IMPLEMENTED","NOT_APPLICABLE","IMPLEMENTED","IMPLEMENTED","NOT_APPLICABLE","IMPLEMENTED","SOURCE_REVIEWED","Stale/unverified/inactive source prevents public proof resolution."
"CAP-B01-001","/angelcare-marketplace/admin","Accueil / Produits & services","NOT_APPLICABLE","NOT_APPLICABLE","NOT_APPLICABLE","NOT_APPLICABLE","NOT_APPLICABLE","NOT_APPLICABLE","NOT_APPLICABLE","NOT_APPLICABLE","NOT_APPLICABLE","NOT_APPLICABLE","NOT_APPLICABLE","NOT_APPLICABLE","NOT_APPLICABLE","NOT_APPLICABLE","NOT_APPLICABLE","NOT_APPLICABLE","NOT_APPLICABLE","NOT_APPLICABLE","NOT_APPLICABLE","NOT_APPLICABLE","SOURCE_REVIEWED","OperatorExcellenceCockpit; only states recorded in the approved-screen implementation evidence are asserted."
"CAP-B01-002","/angelcare-marketplace/admin/catalog/items","Accueil / Produits & services","NOT_APPLICABLE","NOT_APPLICABLE","NOT_APPLICABLE","NOT_APPLICABLE","NOT_APPLICABLE","NOT_APPLICABLE","NOT_APPLICABLE","NOT_APPLICABLE","NOT_APPLICABLE","NOT_APPLICABLE","NOT_APPLICABLE","NOT_APPLICABLE","NOT_APPLICABLE","NOT_APPLICABLE","NOT_APPLICABLE","NOT_APPLICABLE","NOT_APPLICABLE","NOT_APPLICABLE","NOT_APPLICABLE","NOT_APPLICABLE","SOURCE_REVIEWED","ProductMasterRegistry; only states recorded in the approved-screen implementation evidence are asserted."
"CAP-B01-003","/angelcare-marketplace/admin/catalog/items/new","Accueil / Produits & services","NOT_APPLICABLE","NOT_APPLICABLE","NOT_APPLICABLE","NOT_APPLICABLE","NOT_APPLICABLE","NOT_APPLICABLE","NOT_APPLICABLE","NOT_APPLICABLE","NOT_APPLICABLE","NOT_APPLICABLE","NOT_APPLICABLE","NOT_APPLICABLE","NOT_APPLICABLE","NOT_APPLICABLE","NOT_APPLICABLE","NOT_APPLICABLE","NOT_APPLICABLE","NOT_APPLICABLE","NOT_APPLICABLE","NOT_APPLICABLE","SOURCE_REVIEWED","ProductMasterRegistry + CreateOfferDrawer; only states recorded in the approved-screen implementation evidence are asserted."
"CAP-B01-004","/angelcare-marketplace/admin/catalog/items/[itemId]/overview","Accueil / Produits & services","NOT_APPLICABLE","NOT_APPLICABLE","NOT_APPLICABLE","NOT_APPLICABLE","NOT_APPLICABLE","NOT_APPLICABLE","NOT_APPLICABLE","NOT_APPLICABLE","NOT_APPLICABLE","NOT_APPLICABLE","NOT_APPLICABLE","NOT_APPLICABLE","NOT_APPLICABLE","NOT_APPLICABLE","NOT_APPLICABLE","NOT_APPLICABLE","NOT_APPLICABLE","NOT_APPLICABLE","NOT_APPLICABLE","NOT_APPLICABLE","SOURCE_REVIEWED","ProductStudio; only states recorded in the approved-screen implementation evidence are asserted."
"CAP-B01-005","/angelcare-marketplace/admin/catalog/items/[itemId]/content","Accueil / Produits & services","NOT_APPLICABLE","NOT_APPLICABLE","NOT_APPLICABLE","NOT_APPLICABLE","NOT_APPLICABLE","NOT_APPLICABLE","NOT_APPLICABLE","NOT_APPLICABLE","NOT_APPLICABLE","NOT_APPLICABLE","NOT_APPLICABLE","NOT_APPLICABLE","NOT_APPLICABLE","NOT_APPLICABLE","NOT_APPLICABLE","NOT_APPLICABLE","NOT_APPLICABLE","NOT_APPLICABLE","NOT_APPLICABLE","NOT_APPLICABLE","SOURCE_REVIEWED","ProductStudio; only states recorded in the approved-screen implementation evidence are asserted."
"CAP-B01-006","/angelcare-marketplace/admin/catalog/items/[itemId]/commercial","Accueil / Produits & services","NOT_APPLICABLE","NOT_APPLICABLE","NOT_APPLICABLE","NOT_APPLICABLE","NOT_APPLICABLE","NOT_APPLICABLE","NOT_APPLICABLE","NOT_APPLICABLE","NOT_APPLICABLE","NOT_APPLICABLE","NOT_APPLICABLE","NOT_APPLICABLE","NOT_APPLICABLE","NOT_APPLICABLE","NOT_APPLICABLE","NOT_APPLICABLE","NOT_APPLICABLE","NOT_APPLICABLE","NOT_APPLICABLE","NOT_APPLICABLE","SOURCE_REVIEWED","ProductStudio; only states recorded in the approved-screen implementation evidence are asserted."
"CAP-B01-007","/angelcare-marketplace/admin/catalog/items/[itemId]/availability","Accueil / Produits & services","NOT_APPLICABLE","NOT_APPLICABLE","NOT_APPLICABLE","NOT_APPLICABLE","NOT_APPLICABLE","NOT_APPLICABLE","NOT_APPLICABLE","NOT_APPLICABLE","NOT_APPLICABLE","NOT_APPLICABLE","NOT_APPLICABLE","NOT_APPLICABLE","NOT_APPLICABLE","NOT_APPLICABLE","NOT_APPLICABLE","NOT_APPLICABLE","NOT_APPLICABLE","NOT_APPLICABLE","NOT_APPLICABLE","NOT_APPLICABLE","SOURCE_REVIEWED","ProductStudio; only states recorded in the approved-screen implementation evidence are asserted."
"CAP-B01-008","/angelcare-marketplace/admin/catalog/items/[itemId]/fulfillment","Accueil / Produits & services","NOT_APPLICABLE","NOT_APPLICABLE","NOT_APPLICABLE","NOT_APPLICABLE","NOT_APPLICABLE","NOT_APPLICABLE","NOT_APPLICABLE","NOT_APPLICABLE","NOT_APPLICABLE","NOT_APPLICABLE","NOT_APPLICABLE","NOT_APPLICABLE","NOT_APPLICABLE","NOT_APPLICABLE","NOT_APPLICABLE","NOT_APPLICABLE","NOT_APPLICABLE","NOT_APPLICABLE","NOT_APPLICABLE","NOT_APPLICABLE","SOURCE_REVIEWED","ProductStudio; only states recorded in the approved-screen implementation evidence are asserted."
"CAP-B01-009","/angelcare-marketplace/admin/catalog/items/[itemId]/trust","Accueil / Produits & services","NOT_APPLICABLE","NOT_APPLICABLE","NOT_APPLICABLE","NOT_APPLICABLE","NOT_APPLICABLE","NOT_APPLICABLE","NOT_APPLICABLE","NOT_APPLICABLE","NOT_APPLICABLE","NOT_APPLICABLE","NOT_APPLICABLE","NOT_APPLICABLE","NOT_APPLICABLE","NOT_APPLICABLE","NOT_APPLICABLE","NOT_APPLICABLE","NOT_APPLICABLE","NOT_APPLICABLE","NOT_APPLICABLE","NOT_APPLICABLE","SOURCE_REVIEWED","ProductStudio; only states recorded in the approved-screen implementation evidence are asserted."
"CAP-B01-010","/angelcare-marketplace/admin/catalog/items/[itemId]/preview","Accueil / Produits & services","NOT_APPLICABLE","NOT_APPLICABLE","NOT_APPLICABLE","NOT_APPLICABLE","NOT_APPLICABLE","NOT_APPLICABLE","NOT_APPLICABLE","NOT_APPLICABLE","NOT_APPLICABLE","NOT_APPLICABLE","NOT_APPLICABLE","NOT_APPLICABLE","NOT_APPLICABLE","NOT_APPLICABLE","NOT_APPLICABLE","NOT_APPLICABLE","NOT_APPLICABLE","NOT_APPLICABLE","NOT_APPLICABLE","NOT_APPLICABLE","SOURCE_REVIEWED","ProductStudio; only states recorded in the approved-screen implementation evidence are asserted."
"CAP-B02-001","/angelcare-marketplace/admin/catalog/categories","Catégories & collections","SOURCE_SUPPORTED","SOURCE_SUPPORTED","NOT_APPLICABLE","SOURCE_SUPPORTED","NOT_APPLICABLE","NOT_APPLICABLE","NOT_APPLICABLE","NOT_APPLICABLE","SOURCE_SUPPORTED","SOURCE_SUPPORTED","NOT_APPLICABLE","NOT_APPLICABLE","NOT_APPLICABLE","SOURCE_SUPPORTED","NOT_APPLICABLE","NOT_APPLICABLE","NOT_APPLICABLE","NOT_APPLICABLE","NOT_APPLICABLE","NOT_APPLICABLE","SOURCE_REVIEWED","CategoryStudio; only states recorded in the approved-screen implementation evidence are asserted."
"CAP-B02-002","/angelcare-marketplace/admin/catalog/categories/[categoryId]","Catégories & collections","SOURCE_SUPPORTED","NOT_APPLICABLE","NOT_APPLICABLE","SOURCE_SUPPORTED","NOT_APPLICABLE","NOT_APPLICABLE","NOT_APPLICABLE","NOT_APPLICABLE","SOURCE_SUPPORTED","NOT_APPLICABLE","NOT_APPLICABLE","NOT_APPLICABLE","NOT_APPLICABLE","SOURCE_SUPPORTED","NOT_APPLICABLE","SOURCE_SUPPORTED","NOT_APPLICABLE","NOT_APPLICABLE","NOT_APPLICABLE","NOT_APPLICABLE","SOURCE_REVIEWED","CategoryStudio; only states recorded in the approved-screen implementation evidence are asserted."
"CAP-B02-003","/angelcare-marketplace/admin/catalog/categories/[categoryId]/storefront","Catégories & collections","NOT_APPLICABLE","NOT_APPLICABLE","NOT_APPLICABLE","SOURCE_SUPPORTED","NOT_APPLICABLE","NOT_APPLICABLE","NOT_APPLICABLE","NOT_APPLICABLE","SOURCE_SUPPORTED","SOURCE_SUPPORTED","NOT_APPLICABLE","NOT_APPLICABLE","NOT_APPLICABLE","SOURCE_SUPPORTED","NOT_APPLICABLE","NOT_APPLICABLE","NOT_APPLICABLE","NOT_APPLICABLE","NOT_APPLICABLE","NOT_APPLICABLE","SOURCE_REVIEWED","CategoryStudio / CategoryExperienceEditor; only states recorded in the approved-screen implementation evidence are asserted."
"CAP-B02-004","/angelcare-marketplace/admin/catalog/categories/[categoryId]/seo","Catégories & collections","NOT_APPLICABLE","NOT_APPLICABLE","NOT_APPLICABLE","SOURCE_SUPPORTED","NOT_APPLICABLE","NOT_APPLICABLE","NOT_APPLICABLE","NOT_APPLICABLE","SOURCE_SUPPORTED","SOURCE_SUPPORTED","NOT_APPLICABLE","NOT_APPLICABLE","NOT_APPLICABLE","SOURCE_SUPPORTED","NOT_APPLICABLE","SOURCE_SUPPORTED","NOT_APPLICABLE","NOT_APPLICABLE","NOT_APPLICABLE","NOT_APPLICABLE","SOURCE_REVIEWED","CategoryStudio / CategoryDiscoveryEditor; only states recorded in the approved-screen implementation evidence are asserted."
"CAP-B02-005","/angelcare-marketplace/admin/catalog/categories/[categoryId]/products","Catégories & collections","NOT_APPLICABLE","SOURCE_SUPPORTED","NOT_APPLICABLE","SOURCE_SUPPORTED","SOURCE_SUPPORTED","NOT_APPLICABLE","NOT_APPLICABLE","NOT_APPLICABLE","SOURCE_SUPPORTED","SOURCE_SUPPORTED","NOT_APPLICABLE","NOT_APPLICABLE","NOT_APPLICABLE","SOURCE_SUPPORTED","NOT_APPLICABLE","NOT_APPLICABLE","NOT_APPLICABLE","NOT_APPLICABLE","NOT_APPLICABLE","NOT_APPLICABLE","SOURCE_REVIEWED","CategoryStudio / CategoryProductComposer; only states recorded in the approved-screen implementation evidence are asserted."
"CAP-B02-006","/angelcare-marketplace/admin/merchandising/collections","Catégories & collections","NOT_APPLICABLE","SOURCE_SUPPORTED","NOT_APPLICABLE","SOURCE_SUPPORTED","NOT_APPLICABLE","NOT_APPLICABLE","NOT_APPLICABLE","NOT_APPLICABLE","SOURCE_SUPPORTED","SOURCE_SUPPORTED","NOT_APPLICABLE","NOT_APPLICABLE","NOT_APPLICABLE","SOURCE_SUPPORTED","NOT_APPLICABLE","NOT_APPLICABLE","NOT_APPLICABLE","SOURCE_SUPPORTED","SOURCE_SUPPORTED","NOT_APPLICABLE","SOURCE_REVIEWED","CollectionStudio; only states recorded in the approved-screen implementation evidence are asserted."
"CAP-B02-007","/angelcare-marketplace/admin/category-native/schemas","Catégories & collections","SOURCE_SUPPORTED","SOURCE_SUPPORTED","NOT_APPLICABLE","NOT_APPLICABLE","NOT_APPLICABLE","NOT_APPLICABLE","NOT_APPLICABLE","NOT_APPLICABLE","SOURCE_SUPPORTED","SOURCE_SUPPORTED","NOT_APPLICABLE","NOT_APPLICABLE","NOT_APPLICABLE","SOURCE_SUPPORTED","NOT_APPLICABLE","NOT_APPLICABLE","NOT_APPLICABLE","SOURCE_SUPPORTED","NOT_APPLICABLE","NOT_APPLICABLE","SOURCE_REVIEWED","SchemaArchitectureStudio; only states recorded in the approved-screen implementation evidence are asserted."
"CAP-B02-008","/angelcare-marketplace/admin/category-native/archetypes/[schemaKey]","Catégories & collections","SOURCE_SUPPORTED","SOURCE_SUPPORTED","NOT_APPLICABLE","NOT_APPLICABLE","NOT_APPLICABLE","NOT_APPLICABLE","NOT_APPLICABLE","NOT_APPLICABLE","SOURCE_SUPPORTED","SOURCE_SUPPORTED","NOT_APPLICABLE","NOT_APPLICABLE","NOT_APPLICABLE","SOURCE_SUPPORTED","NOT_APPLICABLE","SOURCE_SUPPORTED","NOT_APPLICABLE","NOT_APPLICABLE","NOT_APPLICABLE","NOT_APPLICABLE","SOURCE_REVIEWED","ArchetypeStudio; only states recorded in the approved-screen implementation evidence are asserted."
"CAP-B02-009","/angelcare-marketplace/admin/category-native/template-factory","Catégories & collections","SOURCE_SUPPORTED","SOURCE_SUPPORTED","NOT_APPLICABLE","NOT_APPLICABLE","SOURCE_SUPPORTED","NOT_APPLICABLE","NOT_APPLICABLE","NOT_APPLICABLE","NOT_APPLICABLE","SOURCE_SUPPORTED","NOT_APPLICABLE","NOT_APPLICABLE","NOT_APPLICABLE","NOT_APPLICABLE","NOT_APPLICABLE","NOT_APPLICABLE","NOT_APPLICABLE","NOT_APPLICABLE","NOT_APPLICABLE","NOT_APPLICABLE","SOURCE_REVIEWED","CsvTemplateFactory; only states recorded in the approved-screen implementation evidence are asserted."
"CAP-B02-010","/angelcare-marketplace/admin/category-native/imports","Catégories & collections","SOURCE_SUPPORTED","NOT_APPLICABLE","NOT_APPLICABLE","NOT_APPLICABLE","NOT_APPLICABLE","SOURCE_SUPPORTED","NOT_APPLICABLE","NOT_APPLICABLE","SOURCE_SUPPORTED","SOURCE_SUPPORTED","NOT_APPLICABLE","NOT_APPLICABLE","NOT_APPLICABLE","SOURCE_SUPPORTED","NOT_APPLICABLE","NOT_APPLICABLE","NOT_APPLICABLE","NOT_APPLICABLE","NOT_APPLICABLE","NOT_APPLICABLE","SOURCE_REVIEWED","CsvImportStudio; only states recorded in the approved-screen implementation evidence are asserted."
"CAP-B03-001","/angelcare-marketplace/admin/customers","Clients","SOURCE_SUPPORTED","SOURCE_SUPPORTED","NOT_APPLICABLE","SOURCE_SUPPORTED","SOURCE_SUPPORTED","NOT_APPLICABLE","NOT_APPLICABLE","NOT_APPLICABLE","SOURCE_SUPPORTED","SOURCE_SUPPORTED","NOT_APPLICABLE","NOT_APPLICABLE","NOT_APPLICABLE","NOT_APPLICABLE","NOT_APPLICABLE","NOT_APPLICABLE","NOT_APPLICABLE","NOT_APPLICABLE","NOT_APPLICABLE","NOT_APPLICABLE","SOURCE_REVIEWED","CustomerRegistryWorkspace; only states recorded in the approved-screen implementation evidence are asserted."
"CAP-B03-002","/angelcare-marketplace/admin/customers/new","Clients","SOURCE_SUPPORTED","NOT_APPLICABLE","NOT_APPLICABLE","NOT_APPLICABLE","NOT_APPLICABLE","NOT_APPLICABLE","NOT_APPLICABLE","NOT_APPLICABLE","SOURCE_SUPPORTED","SOURCE_SUPPORTED","NOT_APPLICABLE","NOT_APPLICABLE","NOT_APPLICABLE","SOURCE_SUPPORTED","NOT_APPLICABLE","SOURCE_SUPPORTED","NOT_APPLICABLE","NOT_APPLICABLE","NOT_APPLICABLE","NOT_APPLICABLE","SOURCE_REVIEWED","CustomerCreateWorkspace; only states recorded in the approved-screen implementation evidence are asserted."
"CAP-B03-003","/angelcare-marketplace/admin/customers/[customerId]","Clients","SOURCE_SUPPORTED","SOURCE_SUPPORTED","NOT_APPLICABLE","SOURCE_SUPPORTED","NOT_APPLICABLE","NOT_APPLICABLE","NOT_APPLICABLE","NOT_APPLICABLE","SOURCE_SUPPORTED","SOURCE_SUPPORTED","NOT_APPLICABLE","NOT_APPLICABLE","NOT_APPLICABLE","SOURCE_SUPPORTED","NOT_APPLICABLE","NOT_APPLICABLE","NOT_APPLICABLE","NOT_APPLICABLE","NOT_APPLICABLE","NOT_APPLICABLE","SOURCE_REVIEWED","CustomerCommandPage / CustomerMegaDossierOverlay; only states recorded in the approved-screen implementation evidence are asserted."
"CAP-B03-004","/angelcare-marketplace/admin/customers/[customerId]/commercial","Clients","SOURCE_SUPPORTED","SOURCE_SUPPORTED","NOT_APPLICABLE","SOURCE_SUPPORTED","NOT_APPLICABLE","NOT_APPLICABLE","NOT_APPLICABLE","NOT_APPLICABLE","SOURCE_SUPPORTED","SOURCE_SUPPORTED","NOT_APPLICABLE","NOT_APPLICABLE","NOT_APPLICABLE","SOURCE_SUPPORTED","NOT_APPLICABLE","NOT_APPLICABLE","NOT_APPLICABLE","NOT_APPLICABLE","NOT_APPLICABLE","NOT_APPLICABLE","SOURCE_REVIEWED","CustomerCommandPage / CustomerMegaDossierOverlay Portefeuille; only states recorded in the approved-screen implementation evidence are asserted."
"CAP-B03-005","/angelcare-marketplace/admin/customers/[customerId]/payments","Clients","SOURCE_SUPPORTED","SOURCE_SUPPORTED","NOT_APPLICABLE","NOT_APPLICABLE","NOT_APPLICABLE","NOT_APPLICABLE","NOT_APPLICABLE","NOT_APPLICABLE","SOURCE_SUPPORTED","SOURCE_SUPPORTED","NOT_APPLICABLE","NOT_APPLICABLE","NOT_APPLICABLE","SOURCE_SUPPORTED","NOT_APPLICABLE","NOT_APPLICABLE","NOT_APPLICABLE","NOT_APPLICABLE","NOT_APPLICABLE","NOT_APPLICABLE","SOURCE_REVIEWED","CustomerCommandPage / CustomerMegaDossierOverlay Finance; only states recorded in the approved-screen implementation evidence are asserted."
"CAP-B03-006","/angelcare-marketplace/admin/customers/[customerId]/family","Clients","SOURCE_SUPPORTED","SOURCE_SUPPORTED","NOT_APPLICABLE","NOT_APPLICABLE","NOT_APPLICABLE","NOT_APPLICABLE","NOT_APPLICABLE","NOT_APPLICABLE","SOURCE_SUPPORTED","SOURCE_SUPPORTED","NOT_APPLICABLE","NOT_APPLICABLE","NOT_APPLICABLE","SOURCE_SUPPORTED","NOT_APPLICABLE","NOT_APPLICABLE","NOT_APPLICABLE","NOT_APPLICABLE","NOT_APPLICABLE","NOT_APPLICABLE","SOURCE_REVIEWED","CustomerCommandPage / CustomerInlineOperations Family; only states recorded in the approved-screen implementation evidence are asserted."
"CAP-B03-007","/angelcare-marketplace/admin/customers/segments","Clients","SOURCE_SUPPORTED","NOT_APPLICABLE","NOT_APPLICABLE","NOT_APPLICABLE","NOT_APPLICABLE","NOT_APPLICABLE","NOT_APPLICABLE","NOT_APPLICABLE","SOURCE_SUPPORTED","SOURCE_SUPPORTED","NOT_APPLICABLE","NOT_APPLICABLE","NOT_APPLICABLE","SOURCE_SUPPORTED","NOT_APPLICABLE","NOT_APPLICABLE","NOT_APPLICABLE","NOT_APPLICABLE","NOT_APPLICABLE","NOT_APPLICABLE","SOURCE_REVIEWED","SegmentIntelligenceWorkspace / SegmentBuilder; only states recorded in the approved-screen implementation evidence are asserted."
"CAP-B03-008","/angelcare-marketplace/admin/customers/support","Clients","NOT_APPLICABLE","SOURCE_SUPPORTED","NOT_APPLICABLE","SOURCE_SUPPORTED","SOURCE_SUPPORTED","NOT_APPLICABLE","NOT_APPLICABLE","NOT_APPLICABLE","SOURCE_SUPPORTED","SOURCE_SUPPORTED","SOURCE_SUPPORTED","NOT_APPLICABLE","NOT_APPLICABLE","SOURCE_SUPPORTED","NOT_APPLICABLE","NOT_APPLICABLE","NOT_APPLICABLE","NOT_APPLICABLE","NOT_APPLICABLE","NOT_APPLICABLE","SOURCE_REVIEWED","CustomerCasesWorkspace / CustomerCaseDrawer; only states recorded in the approved-screen implementation evidence are asserted."
"CAP-B03-009","/angelcare-marketplace/admin/customers/[customerId]/activity","Clients","SOURCE_SUPPORTED","SOURCE_SUPPORTED","NOT_APPLICABLE","SOURCE_SUPPORTED","NOT_APPLICABLE","NOT_APPLICABLE","NOT_APPLICABLE","NOT_APPLICABLE","NOT_APPLICABLE","SOURCE_SUPPORTED","NOT_APPLICABLE","NOT_APPLICABLE","NOT_APPLICABLE","SOURCE_SUPPORTED","NOT_APPLICABLE","NOT_APPLICABLE","NOT_APPLICABLE","NOT_APPLICABLE","NOT_APPLICABLE","NOT_APPLICABLE","SOURCE_REVIEWED","CustomerCommandPage / CustomerMegaDossierOverlay Activité; only states recorded in the approved-screen implementation evidence are asserted."
"CAP-B03-010","/angelcare-marketplace/admin/customers/health","Clients","SOURCE_SUPPORTED","SOURCE_SUPPORTED","NOT_APPLICABLE","SOURCE_SUPPORTED","SOURCE_SUPPORTED","NOT_APPLICABLE","NOT_APPLICABLE","NOT_APPLICABLE","NOT_APPLICABLE","SOURCE_SUPPORTED","NOT_APPLICABLE","NOT_APPLICABLE","NOT_APPLICABLE","NOT_APPLICABLE","NOT_APPLICABLE","NOT_APPLICABLE","NOT_APPLICABLE","NOT_APPLICABLE","NOT_APPLICABLE","NOT_APPLICABLE","SOURCE_REVIEWED","CustomerHealthWorkspace; only states recorded in the approved-screen implementation evidence are asserted."
"CAP-B04-001","/angelcare-marketplace/admin/orders","Commandes & réservations","NOT_APPLICABLE","SOURCE_SUPPORTED","NOT_APPLICABLE","SOURCE_SUPPORTED","NOT_APPLICABLE","NOT_APPLICABLE","NOT_APPLICABLE","NOT_APPLICABLE","SOURCE_SUPPORTED","SOURCE_SUPPORTED","NOT_APPLICABLE","NOT_APPLICABLE","NOT_APPLICABLE","SOURCE_SUPPORTED","NOT_APPLICABLE","NOT_APPLICABLE","NOT_APPLICABLE","NOT_APPLICABLE","NOT_APPLICABLE","NOT_APPLICABLE","SOURCE_REVIEWED","EnterpriseOrderCommand; only states recorded in the approved-screen implementation evidence are asserted."
"CAP-B04-002","/angelcare-marketplace/admin/orders","Commandes & réservations","NOT_APPLICABLE","SOURCE_SUPPORTED","NOT_APPLICABLE","SOURCE_SUPPORTED","NOT_APPLICABLE","NOT_APPLICABLE","NOT_APPLICABLE","NOT_APPLICABLE","SOURCE_SUPPORTED","SOURCE_SUPPORTED","NOT_APPLICABLE","NOT_APPLICABLE","NOT_APPLICABLE","SOURCE_SUPPORTED","NOT_APPLICABLE","NOT_APPLICABLE","NOT_APPLICABLE","NOT_APPLICABLE","NOT_APPLICABLE","NOT_APPLICABLE","SOURCE_REVIEWED","EnterpriseOrderCommand; only states recorded in the approved-screen implementation evidence are asserted."
"CAP-B04-003","/angelcare-marketplace/admin/orders/new","Commandes & réservations","NOT_APPLICABLE","NOT_APPLICABLE","NOT_APPLICABLE","NOT_APPLICABLE","NOT_APPLICABLE","NOT_APPLICABLE","NOT_APPLICABLE","NOT_APPLICABLE","SOURCE_SUPPORTED","SOURCE_SUPPORTED","NOT_APPLICABLE","NOT_APPLICABLE","NOT_APPLICABLE","SOURCE_SUPPORTED","NOT_APPLICABLE","SOURCE_SUPPORTED","NOT_APPLICABLE","NOT_APPLICABLE","NOT_APPLICABLE","NOT_APPLICABLE","SOURCE_REVIEWED","ManualOrderCommand; only states recorded in the approved-screen implementation evidence are asserted."
"CAP-B04-004","/angelcare-marketplace/admin/orders/[orderId]","Commandes & réservations","SOURCE_SUPPORTED","SOURCE_SUPPORTED","NOT_APPLICABLE","SOURCE_SUPPORTED","NOT_APPLICABLE","NOT_APPLICABLE","NOT_APPLICABLE","NOT_APPLICABLE","SOURCE_SUPPORTED","SOURCE_SUPPORTED","NOT_APPLICABLE","NOT_APPLICABLE","NOT_APPLICABLE","SOURCE_SUPPORTED","NOT_APPLICABLE","NOT_APPLICABLE","NOT_APPLICABLE","NOT_APPLICABLE","NOT_APPLICABLE","NOT_APPLICABLE","SOURCE_REVIEWED","OrderMegaCommand + OrderInlineOperations; only states recorded in the approved-screen implementation evidence are asserted."
"CAP-B04-005","/angelcare-marketplace/admin/bookings","Commandes & réservations","NOT_APPLICABLE","SOURCE_SUPPORTED","NOT_APPLICABLE","SOURCE_SUPPORTED","NOT_APPLICABLE","NOT_APPLICABLE","NOT_APPLICABLE","NOT_APPLICABLE","SOURCE_SUPPORTED","SOURCE_SUPPORTED","NOT_APPLICABLE","NOT_APPLICABLE","NOT_APPLICABLE","SOURCE_SUPPORTED","NOT_APPLICABLE","NOT_APPLICABLE","NOT_APPLICABLE","NOT_APPLICABLE","NOT_APPLICABLE","NOT_APPLICABLE","SOURCE_REVIEWED","BookingCommand; only states recorded in the approved-screen implementation evidence are asserted."
"CAP-B04-006","/angelcare-marketplace/admin/commercial/quotes","Commandes & réservations","NOT_APPLICABLE","SOURCE_SUPPORTED","NOT_APPLICABLE","SOURCE_SUPPORTED","NOT_APPLICABLE","NOT_APPLICABLE","NOT_APPLICABLE","NOT_APPLICABLE","SOURCE_SUPPORTED","SOURCE_SUPPORTED","NOT_APPLICABLE","NOT_APPLICABLE","NOT_APPLICABLE","SOURCE_SUPPORTED","NOT_APPLICABLE","NOT_APPLICABLE","NOT_APPLICABLE","NOT_APPLICABLE","NOT_APPLICABLE","NOT_APPLICABLE","SOURCE_REVIEWED","QuoteRegistry; only states recorded in the approved-screen implementation evidence are asserted."
"CAP-B04-007","/angelcare-marketplace/admin/conversion/enrollments","Commandes & réservations","NOT_APPLICABLE","SOURCE_SUPPORTED","NOT_APPLICABLE","SOURCE_SUPPORTED","NOT_APPLICABLE","NOT_APPLICABLE","NOT_APPLICABLE","NOT_APPLICABLE","NOT_APPLICABLE","NOT_APPLICABLE","NOT_APPLICABLE","NOT_APPLICABLE","NOT_APPLICABLE","NOT_APPLICABLE","NOT_APPLICABLE","NOT_APPLICABLE","NOT_APPLICABLE","NOT_APPLICABLE","NOT_APPLICABLE","NOT_APPLICABLE","SOURCE_REVIEWED","ConversionQueueBoard mode=enrollments; only states recorded in the approved-screen implementation evidence are asserted."
"CAP-B04-008","/angelcare-marketplace/admin/subscriptions","Commandes & réservations","NOT_APPLICABLE","SOURCE_SUPPORTED","NOT_APPLICABLE","SOURCE_SUPPORTED","NOT_APPLICABLE","NOT_APPLICABLE","NOT_APPLICABLE","NOT_APPLICABLE","SOURCE_SUPPORTED","SOURCE_SUPPORTED","NOT_APPLICABLE","NOT_APPLICABLE","NOT_APPLICABLE","SOURCE_SUPPORTED","NOT_APPLICABLE","NOT_APPLICABLE","NOT_APPLICABLE","NOT_APPLICABLE","NOT_APPLICABLE","NOT_APPLICABLE","SOURCE_REVIEWED","SubscriptionCommand; only states recorded in the approved-screen implementation evidence are asserted."
"CAP-B04-009","/angelcare-marketplace/admin/conversion","Commandes & réservations","NOT_APPLICABLE","NOT_APPLICABLE","NOT_APPLICABLE","SOURCE_SUPPORTED","NOT_APPLICABLE","NOT_APPLICABLE","NOT_APPLICABLE","NOT_APPLICABLE","NOT_APPLICABLE","NOT_APPLICABLE","NOT_APPLICABLE","NOT_APPLICABLE","NOT_APPLICABLE","NOT_APPLICABLE","NOT_APPLICABLE","NOT_APPLICABLE","NOT_APPLICABLE","NOT_APPLICABLE","NOT_APPLICABLE","NOT_APPLICABLE","SOURCE_REVIEWED","ConversionAdminCommand; only states recorded in the approved-screen implementation evidence are asserted."
"CAP-B04-010","/angelcare-marketplace/admin/conversion/sessions/[sessionId]","Commandes & réservations","NOT_APPLICABLE","NOT_APPLICABLE","NOT_APPLICABLE","NOT_APPLICABLE","NOT_APPLICABLE","NOT_APPLICABLE","NOT_APPLICABLE","NOT_APPLICABLE","SOURCE_SUPPORTED","SOURCE_SUPPORTED","NOT_APPLICABLE","NOT_APPLICABLE","NOT_APPLICABLE","SOURCE_SUPPORTED","NOT_APPLICABLE","NOT_APPLICABLE","NOT_APPLICABLE","NOT_APPLICABLE","NOT_APPLICABLE","NOT_APPLICABLE","SOURCE_REVIEWED","ConversionSessionDossier; only states recorded in the approved-screen implementation evidence are asserted."
"CAP-B05-001","/angelcare-marketplace/admin/boutique","Boutique","SOURCE_SUPPORTED","SOURCE_SUPPORTED","NOT_APPLICABLE","SOURCE_SUPPORTED","SOURCE_SUPPORTED","NOT_APPLICABLE","NOT_APPLICABLE","NOT_APPLICABLE","SOURCE_SUPPORTED","NOT_APPLICABLE","NOT_APPLICABLE","NOT_APPLICABLE","NOT_APPLICABLE","NOT_APPLICABLE","NOT_APPLICABLE","NOT_APPLICABLE","NOT_APPLICABLE","NOT_APPLICABLE","NOT_APPLICABLE","NOT_APPLICABLE","SOURCE_REVIEWED","FrontendControlCommand; only states recorded in the approved-screen implementation evidence are asserted."
"CAP-B05-002","/angelcare-marketplace/admin/homepage/hero","Boutique","SOURCE_SUPPORTED","SOURCE_SUPPORTED","NOT_APPLICABLE","NOT_APPLICABLE","NOT_APPLICABLE","NOT_APPLICABLE","NOT_APPLICABLE","NOT_APPLICABLE","SOURCE_SUPPORTED","SOURCE_SUPPORTED","NOT_APPLICABLE","NOT_APPLICABLE","NOT_APPLICABLE","SOURCE_SUPPORTED","NOT_APPLICABLE","NOT_APPLICABLE","NOT_APPLICABLE","NOT_APPLICABLE","NOT_APPLICABLE","NOT_APPLICABLE","SOURCE_REVIEWED","HeroCampaignStudio; only states recorded in the approved-screen implementation evidence are asserted."
"CAP-B05-003","/angelcare-marketplace/admin/homepage/composer","Boutique","SOURCE_SUPPORTED","SOURCE_SUPPORTED","NOT_APPLICABLE","NOT_APPLICABLE","NOT_APPLICABLE","NOT_APPLICABLE","NOT_APPLICABLE","NOT_APPLICABLE","SOURCE_SUPPORTED","SOURCE_SUPPORTED","NOT_APPLICABLE","NOT_APPLICABLE","NOT_APPLICABLE","SOURCE_SUPPORTED","NOT_APPLICABLE","NOT_APPLICABLE","NOT_APPLICABLE","NOT_APPLICABLE","NOT_APPLICABLE","NOT_APPLICABLE","SOURCE_REVIEWED","HomepageDesigner2; only states recorded in the approved-screen implementation evidence are asserted."
"CAP-B05-004","/angelcare-marketplace/admin/experience/pages","Boutique","SOURCE_SUPPORTED","SOURCE_SUPPORTED","NOT_APPLICABLE","SOURCE_SUPPORTED","SOURCE_SUPPORTED","NOT_APPLICABLE","NOT_APPLICABLE","NOT_APPLICABLE","SOURCE_SUPPORTED","SOURCE_SUPPORTED","NOT_APPLICABLE","NOT_APPLICABLE","NOT_APPLICABLE","NOT_APPLICABLE","NOT_APPLICABLE","NOT_APPLICABLE","NOT_APPLICABLE","NOT_APPLICABLE","NOT_APPLICABLE","NOT_APPLICABLE","SOURCE_REVIEWED","PageRegistry; only states recorded in the approved-screen implementation evidence are asserted."
"CAP-B05-005","/angelcare-marketplace/admin/experience/pages/[pageId]/builder","Boutique","SOURCE_SUPPORTED","SOURCE_SUPPORTED","NOT_APPLICABLE","NOT_APPLICABLE","NOT_APPLICABLE","NOT_APPLICABLE","NOT_APPLICABLE","SOURCE_SUPPORTED","SOURCE_SUPPORTED","SOURCE_SUPPORTED","NOT_APPLICABLE","NOT_APPLICABLE","NOT_APPLICABLE","SOURCE_SUPPORTED","SOURCE_SUPPORTED","SOURCE_SUPPORTED","NOT_APPLICABLE","NOT_APPLICABLE","NOT_APPLICABLE","NOT_APPLICABLE","SOURCE_REVIEWED","PageBuilderClient / PageDossierClient; only states recorded in the approved-screen implementation evidence are asserted."
"CAP-B05-006","/angelcare-marketplace/admin/media","Boutique","SOURCE_SUPPORTED","SOURCE_SUPPORTED","NOT_APPLICABLE","NOT_APPLICABLE","SOURCE_SUPPORTED","NOT_APPLICABLE","NOT_APPLICABLE","NOT_APPLICABLE","SOURCE_SUPPORTED","SOURCE_SUPPORTED","NOT_APPLICABLE","NOT_APPLICABLE","NOT_APPLICABLE","NOT_APPLICABLE","NOT_APPLICABLE","NOT_APPLICABLE","NOT_APPLICABLE","NOT_APPLICABLE","NOT_APPLICABLE","NOT_APPLICABLE","SOURCE_REVIEWED","MediaLibraryStudio; only states recorded in the approved-screen implementation evidence are asserted."
"CAP-B05-007","/angelcare-marketplace/admin/navigation/header","Boutique","SOURCE_SUPPORTED","SOURCE_SUPPORTED","NOT_APPLICABLE","NOT_APPLICABLE","NOT_APPLICABLE","NOT_APPLICABLE","NOT_APPLICABLE","NOT_APPLICABLE","SOURCE_SUPPORTED","SOURCE_SUPPORTED","NOT_APPLICABLE","NOT_APPLICABLE","NOT_APPLICABLE","SOURCE_SUPPORTED","NOT_APPLICABLE","NOT_APPLICABLE","NOT_APPLICABLE","NOT_APPLICABLE","NOT_APPLICABLE","NOT_APPLICABLE","SOURCE_REVIEWED","NavigationStudio; only states recorded in the approved-screen implementation evidence are asserted."
"CAP-B05-008","/angelcare-marketplace/admin/footer-studio","Boutique","NOT_APPLICABLE","SOURCE_SUPPORTED","NOT_APPLICABLE","SOURCE_SUPPORTED","NOT_APPLICABLE","NOT_APPLICABLE","NOT_APPLICABLE","NOT_APPLICABLE","NOT_APPLICABLE","SOURCE_SUPPORTED","NOT_APPLICABLE","NOT_APPLICABLE","NOT_APPLICABLE","SOURCE_SUPPORTED","NOT_APPLICABLE","NOT_APPLICABLE","NOT_APPLICABLE","NOT_APPLICABLE","NOT_APPLICABLE","NOT_APPLICABLE","SOURCE_REVIEWED","FooterStudioCommand; only states recorded in the approved-screen implementation evidence are asserted."
"CAP-B05-009","/angelcare-marketplace/admin/frontend-experiences/surfaces","Boutique","SOURCE_SUPPORTED","SOURCE_SUPPORTED","NOT_APPLICABLE","NOT_APPLICABLE","NOT_APPLICABLE","NOT_APPLICABLE","NOT_APPLICABLE","NOT_APPLICABLE","SOURCE_SUPPORTED","NOT_APPLICABLE","NOT_APPLICABLE","NOT_APPLICABLE","NOT_APPLICABLE","NOT_APPLICABLE","NOT_APPLICABLE","NOT_APPLICABLE","NOT_APPLICABLE","NOT_APPLICABLE","NOT_APPLICABLE","NOT_APPLICABLE","SOURCE_REVIEWED","SurfaceRegistryStudio / SurfaceExperienceStudio; only states recorded in the approved-screen implementation evidence are asserted."
"CAP-B05-010","/angelcare-marketplace/admin/localization","Boutique","SOURCE_SUPPORTED","SOURCE_SUPPORTED","NOT_APPLICABLE","NOT_APPLICABLE","NOT_APPLICABLE","NOT_APPLICABLE","NOT_APPLICABLE","NOT_APPLICABLE","SOURCE_SUPPORTED","SOURCE_SUPPORTED","NOT_APPLICABLE","NOT_APPLICABLE","NOT_APPLICABLE","NOT_APPLICABLE","NOT_APPLICABLE","NOT_APPLICABLE","NOT_APPLICABLE","NOT_APPLICABLE","NOT_APPLICABLE","NOT_APPLICABLE","SOURCE_REVIEWED","LocalizationCockpit / PublicationStudio; only states recorded in the approved-screen implementation evidence are asserted."
"CAP-B06-001","/angelcare-marketplace/admin/growth-experience","Marketing & promotions","SOURCE_SUPPORTED","NOT_APPLICABLE","NOT_APPLICABLE","NOT_APPLICABLE","NOT_APPLICABLE","NOT_APPLICABLE","NOT_APPLICABLE","NOT_APPLICABLE","SOURCE_SUPPORTED","NOT_APPLICABLE","NOT_APPLICABLE","NOT_APPLICABLE","NOT_APPLICABLE","NOT_APPLICABLE","NOT_APPLICABLE","NOT_APPLICABLE","NOT_APPLICABLE","NOT_APPLICABLE","NOT_APPLICABLE","NOT_APPLICABLE","SOURCE_REVIEWED","GrowthExperienceCommand; only states recorded in the approved-screen implementation evidence are asserted."
"CAP-B06-002","/angelcare-marketplace/admin/promotions","Marketing & promotions","NOT_APPLICABLE","SOURCE_SUPPORTED","NOT_APPLICABLE","NOT_APPLICABLE","NOT_APPLICABLE","NOT_APPLICABLE","NOT_APPLICABLE","NOT_APPLICABLE","SOURCE_SUPPORTED","NOT_APPLICABLE","NOT_APPLICABLE","NOT_APPLICABLE","NOT_APPLICABLE","SOURCE_SUPPORTED","NOT_APPLICABLE","NOT_APPLICABLE","NOT_APPLICABLE","NOT_APPLICABLE","NOT_APPLICABLE","NOT_APPLICABLE","SOURCE_REVIEWED","PromotionCommand; only states recorded in the approved-screen implementation evidence are asserted."
"CAP-B06-003","/angelcare-marketplace/admin/live-experience-command","Marketing & promotions","NOT_APPLICABLE","SOURCE_SUPPORTED","NOT_APPLICABLE","NOT_APPLICABLE","NOT_APPLICABLE","NOT_APPLICABLE","NOT_APPLICABLE","NOT_APPLICABLE","SOURCE_SUPPORTED","NOT_APPLICABLE","NOT_APPLICABLE","NOT_APPLICABLE","NOT_APPLICABLE","NOT_APPLICABLE","NOT_APPLICABLE","NOT_APPLICABLE","NOT_APPLICABLE","NOT_APPLICABLE","NOT_APPLICABLE","NOT_APPLICABLE","SOURCE_REVIEWED","LiveExperienceCommand; only states recorded in the approved-screen implementation evidence are asserted."
"CAP-B06-004","/angelcare-marketplace/admin/live-experience-command/audiences","Marketing & promotions","NOT_APPLICABLE","SOURCE_SUPPORTED","NOT_APPLICABLE","NOT_APPLICABLE","NOT_APPLICABLE","NOT_APPLICABLE","NOT_APPLICABLE","NOT_APPLICABLE","NOT_APPLICABLE","NOT_APPLICABLE","NOT_APPLICABLE","NOT_APPLICABLE","NOT_APPLICABLE","NOT_APPLICABLE","NOT_APPLICABLE","NOT_APPLICABLE","NOT_APPLICABLE","NOT_APPLICABLE","NOT_APPLICABLE","NOT_APPLICABLE","SOURCE_REVIEWED","LiveGovernanceCommand; only states recorded in the approved-screen implementation evidence are asserted."
"CAP-B06-005","/angelcare-marketplace/admin/merchandising","Marketing & promotions","NOT_APPLICABLE","SOURCE_SUPPORTED","NOT_APPLICABLE","NOT_APPLICABLE","NOT_APPLICABLE","NOT_APPLICABLE","NOT_APPLICABLE","NOT_APPLICABLE","SOURCE_SUPPORTED","NOT_APPLICABLE","NOT_APPLICABLE","NOT_APPLICABLE","NOT_APPLICABLE","SOURCE_SUPPORTED","NOT_APPLICABLE","NOT_APPLICABLE","NOT_APPLICABLE","NOT_APPLICABLE","NOT_APPLICABLE","NOT_APPLICABLE","SOURCE_REVIEWED","MerchandisingStudio; only states recorded in the approved-screen implementation evidence are asserted."
"CAP-B06-006","/angelcare-marketplace/admin/segments","Marketing & promotions","SOURCE_SUPPORTED","SOURCE_SUPPORTED","NOT_APPLICABLE","SOURCE_SUPPORTED","NOT_APPLICABLE","NOT_APPLICABLE","NOT_APPLICABLE","NOT_APPLICABLE","SOURCE_SUPPORTED","SOURCE_SUPPORTED","NOT_APPLICABLE","NOT_APPLICABLE","NOT_APPLICABLE","NOT_APPLICABLE","NOT_APPLICABLE","NOT_APPLICABLE","NOT_APPLICABLE","NOT_APPLICABLE","NOT_APPLICABLE","NOT_APPLICABLE","SOURCE_REVIEWED","SegmentBuilder; only states recorded in the approved-screen implementation evidence are asserted."
"CAP-B06-007","/angelcare-marketplace/admin/discovery-control","Marketing & promotions","NOT_APPLICABLE","SOURCE_SUPPORTED","NOT_APPLICABLE","SOURCE_SUPPORTED","SOURCE_SUPPORTED","NOT_APPLICABLE","NOT_APPLICABLE","NOT_APPLICABLE","SOURCE_SUPPORTED","NOT_APPLICABLE","NOT_APPLICABLE","NOT_APPLICABLE","NOT_APPLICABLE","NOT_APPLICABLE","NOT_APPLICABLE","NOT_APPLICABLE","NOT_APPLICABLE","NOT_APPLICABLE","NOT_APPLICABLE","NOT_APPLICABLE","SOURCE_REVIEWED","DiscoveryControl; only states recorded in the approved-screen implementation evidence are asserted."
"CAP-B06-008","/angelcare-marketplace/admin/growth/recovery","Marketing & promotions","NOT_APPLICABLE","SOURCE_SUPPORTED","NOT_APPLICABLE","NOT_APPLICABLE","NOT_APPLICABLE","NOT_APPLICABLE","NOT_APPLICABLE","NOT_APPLICABLE","SOURCE_SUPPORTED","NOT_APPLICABLE","NOT_APPLICABLE","NOT_APPLICABLE","NOT_APPLICABLE","SOURCE_SUPPORTED","NOT_APPLICABLE","NOT_APPLICABLE","NOT_APPLICABLE","NOT_APPLICABLE","NOT_APPLICABLE","NOT_APPLICABLE","SOURCE_REVIEWED","GrowthExecutionCommand; only states recorded in the approved-screen implementation evidence are asserted."
"CAP-B06-009","/angelcare-marketplace/admin/live-experience-command/experiments","Marketing & promotions","NOT_APPLICABLE","SOURCE_SUPPORTED","NOT_APPLICABLE","NOT_APPLICABLE","NOT_APPLICABLE","NOT_APPLICABLE","NOT_APPLICABLE","NOT_APPLICABLE","SOURCE_SUPPORTED","NOT_APPLICABLE","NOT_APPLICABLE","NOT_APPLICABLE","NOT_APPLICABLE","NOT_APPLICABLE","NOT_APPLICABLE","NOT_APPLICABLE","NOT_APPLICABLE","SOURCE_SUPPORTED","NOT_APPLICABLE","NOT_APPLICABLE","SOURCE_REVIEWED","LiveGovernanceCommand mode=experiments; only states recorded in the approved-screen implementation evidence are asserted."
"CAP-B06-010","/angelcare-marketplace/admin/growth/opportunities","Marketing & promotions","NOT_APPLICABLE","SOURCE_SUPPORTED","NOT_APPLICABLE","NOT_APPLICABLE","NOT_APPLICABLE","NOT_APPLICABLE","NOT_APPLICABLE","NOT_APPLICABLE","SOURCE_SUPPORTED","NOT_APPLICABLE","NOT_APPLICABLE","NOT_APPLICABLE","NOT_APPLICABLE","SOURCE_SUPPORTED","NOT_APPLICABLE","NOT_APPLICABLE","NOT_APPLICABLE","NOT_APPLICABLE","NOT_APPLICABLE","NOT_APPLICABLE","SOURCE_REVIEWED","GrowthExecutionCommand; only states recorded in the approved-screen implementation evidence are asserted."
"CAP-B07-001","/angelcare-marketplace/admin/operations/today","Opérations","SOURCE_SUPPORTED","SOURCE_SUPPORTED","NOT_APPLICABLE","SOURCE_SUPPORTED","SOURCE_SUPPORTED","NOT_APPLICABLE","NOT_APPLICABLE","NOT_APPLICABLE","SOURCE_SUPPORTED","SOURCE_SUPPORTED","SOURCE_SUPPORTED","NOT_APPLICABLE","NOT_APPLICABLE","SOURCE_SUPPORTED","NOT_APPLICABLE","NOT_APPLICABLE","NOT_APPLICABLE","NOT_APPLICABLE","NOT_APPLICABLE","NOT_APPLICABLE","SOURCE_REVIEWED","OperationsCommand; only states recorded in the approved-screen implementation evidence are asserted."
"CAP-B07-002","/angelcare-marketplace/admin/operations/mission-control","Opérations","SOURCE_SUPPORTED","SOURCE_SUPPORTED","NOT_APPLICABLE","SOURCE_SUPPORTED","SOURCE_SUPPORTED","NOT_APPLICABLE","NOT_APPLICABLE","NOT_APPLICABLE","SOURCE_SUPPORTED","SOURCE_SUPPORTED","SOURCE_SUPPORTED","NOT_APPLICABLE","NOT_APPLICABLE","SOURCE_SUPPORTED","NOT_APPLICABLE","NOT_APPLICABLE","NOT_APPLICABLE","NOT_APPLICABLE","NOT_APPLICABLE","NOT_APPLICABLE","SOURCE_REVIEWED","FulfillmentMissionControl; only states recorded in the approved-screen implementation evidence are asserted."
"CAP-B07-003","/angelcare-marketplace/admin/operations/missions/[missionId]","Opérations","SOURCE_SUPPORTED","SOURCE_SUPPORTED","NOT_APPLICABLE","SOURCE_SUPPORTED","SOURCE_SUPPORTED","NOT_APPLICABLE","NOT_APPLICABLE","NOT_APPLICABLE","SOURCE_SUPPORTED","SOURCE_SUPPORTED","SOURCE_SUPPORTED","NOT_APPLICABLE","NOT_APPLICABLE","SOURCE_SUPPORTED","NOT_APPLICABLE","NOT_APPLICABLE","NOT_APPLICABLE","NOT_APPLICABLE","NOT_APPLICABLE","NOT_APPLICABLE","SOURCE_REVIEWED","MissionDossier; only states recorded in the approved-screen implementation evidence are asserted."
"CAP-B07-004","/angelcare-marketplace/admin/journeys","Opérations","SOURCE_SUPPORTED","SOURCE_SUPPORTED","NOT_APPLICABLE","SOURCE_SUPPORTED","SOURCE_SUPPORTED","NOT_APPLICABLE","NOT_APPLICABLE","NOT_APPLICABLE","SOURCE_SUPPORTED","SOURCE_SUPPORTED","SOURCE_SUPPORTED","NOT_APPLICABLE","NOT_APPLICABLE","SOURCE_SUPPORTED","NOT_APPLICABLE","NOT_APPLICABLE","NOT_APPLICABLE","NOT_APPLICABLE","NOT_APPLICABLE","NOT_APPLICABLE","SOURCE_REVIEWED","JourneyAdminCommand; JourneyAdminDetail; only states recorded in the approved-screen implementation evidence are asserted."
"CAP-B07-005","/angelcare-marketplace/admin/operations/incidents","Opérations","SOURCE_SUPPORTED","SOURCE_SUPPORTED","NOT_APPLICABLE","SOURCE_SUPPORTED","SOURCE_SUPPORTED","NOT_APPLICABLE","NOT_APPLICABLE","NOT_APPLICABLE","SOURCE_SUPPORTED","SOURCE_SUPPORTED","SOURCE_SUPPORTED","NOT_APPLICABLE","NOT_APPLICABLE","SOURCE_SUPPORTED","NOT_APPLICABLE","NOT_APPLICABLE","NOT_APPLICABLE","NOT_APPLICABLE","NOT_APPLICABLE","NOT_APPLICABLE","SOURCE_REVIEWED","IncidentAuthorityClient; ExceptionCockpit; DisputeCommand; only states recorded in the approved-screen implementation evidence are asserted."
"CAP-B07-006","/angelcare-marketplace/admin/operations/recovery","Opérations","SOURCE_SUPPORTED","SOURCE_SUPPORTED","NOT_APPLICABLE","SOURCE_SUPPORTED","SOURCE_SUPPORTED","NOT_APPLICABLE","NOT_APPLICABLE","NOT_APPLICABLE","SOURCE_SUPPORTED","SOURCE_SUPPORTED","SOURCE_SUPPORTED","NOT_APPLICABLE","NOT_APPLICABLE","SOURCE_SUPPORTED","NOT_APPLICABLE","NOT_APPLICABLE","NOT_APPLICABLE","NOT_APPLICABLE","NOT_APPLICABLE","NOT_APPLICABLE","SOURCE_REVIEWED","RecoveryCommand; ReturnsCommand; only states recorded in the approved-screen implementation evidence are asserted."
"CAP-B07-007","/angelcare-marketplace/admin/operations/closure","Opérations","SOURCE_SUPPORTED","SOURCE_SUPPORTED","NOT_APPLICABLE","SOURCE_SUPPORTED","SOURCE_SUPPORTED","NOT_APPLICABLE","NOT_APPLICABLE","NOT_APPLICABLE","SOURCE_SUPPORTED","SOURCE_SUPPORTED","SOURCE_SUPPORTED","NOT_APPLICABLE","NOT_APPLICABLE","SOURCE_SUPPORTED","NOT_APPLICABLE","NOT_APPLICABLE","NOT_APPLICABLE","NOT_APPLICABLE","NOT_APPLICABLE","NOT_APPLICABLE","SOURCE_REVIEWED","DailyClosureBoard; ReconciliationCommand; SettlementCommand; only states recorded in the approved-screen implementation evidence are asserted."
"CAP-B07-008","/angelcare-marketplace/admin/territories","Opérations","SOURCE_SUPPORTED","SOURCE_SUPPORTED","NOT_APPLICABLE","SOURCE_SUPPORTED","SOURCE_SUPPORTED","NOT_APPLICABLE","NOT_APPLICABLE","NOT_APPLICABLE","SOURCE_SUPPORTED","SOURCE_SUPPORTED","SOURCE_SUPPORTED","NOT_APPLICABLE","NOT_APPLICABLE","SOURCE_SUPPORTED","NOT_APPLICABLE","NOT_APPLICABLE","NOT_APPLICABLE","NOT_APPLICABLE","NOT_APPLICABLE","NOT_APPLICABLE","SOURCE_REVIEWED","TerritoryCommandCockpit; TerritoryDetailCommand; only states recorded in the approved-screen implementation evidence are asserted."
"CAP-B07-009","/angelcare-marketplace/admin/orders-fulfillment","Opérations","SOURCE_SUPPORTED","SOURCE_SUPPORTED","NOT_APPLICABLE","SOURCE_SUPPORTED","SOURCE_SUPPORTED","NOT_APPLICABLE","NOT_APPLICABLE","NOT_APPLICABLE","SOURCE_SUPPORTED","SOURCE_SUPPORTED","SOURCE_SUPPORTED","NOT_APPLICABLE","NOT_APPLICABLE","SOURCE_SUPPORTED","NOT_APPLICABLE","NOT_APPLICABLE","NOT_APPLICABLE","NOT_APPLICABLE","NOT_APPLICABLE","NOT_APPLICABLE","SOURCE_REVIEWED","FlightDeckWorkspace; only states recorded in the approved-screen implementation evidence are asserted."
"CAP-B07-010","/angelcare-marketplace/admin/bulk-operations","Opérations","SOURCE_SUPPORTED","SOURCE_SUPPORTED","NOT_APPLICABLE","SOURCE_SUPPORTED","SOURCE_SUPPORTED","NOT_APPLICABLE","NOT_APPLICABLE","NOT_APPLICABLE","SOURCE_SUPPORTED","SOURCE_SUPPORTED","SOURCE_SUPPORTED","NOT_APPLICABLE","NOT_APPLICABLE","SOURCE_SUPPORTED","NOT_APPLICABLE","NOT_APPLICABLE","NOT_APPLICABLE","NOT_APPLICABLE","NOT_APPLICABLE","NOT_APPLICABLE","SOURCE_REVIEWED","BulkOperationsCenter; DocumentFactoryCommand; only states recorded in the approved-screen implementation evidence are asserted."
"CAP-B08-001","/angelcare-marketplace/admin/supply-network","Prestataires & fournisseurs","SOURCE_SUPPORTED","SOURCE_SUPPORTED","NOT_APPLICABLE","SOURCE_SUPPORTED","SOURCE_SUPPORTED","NOT_APPLICABLE","NOT_APPLICABLE","NOT_APPLICABLE","SOURCE_SUPPORTED","SOURCE_SUPPORTED","SOURCE_SUPPORTED","NOT_APPLICABLE","NOT_APPLICABLE","SOURCE_SUPPORTED","NOT_APPLICABLE","NOT_APPLICABLE","NOT_APPLICABLE","NOT_APPLICABLE","NOT_APPLICABLE","NOT_APPLICABLE","SOURCE_REVIEWED","NetworkAreaPage; only states recorded in the approved-screen implementation evidence are asserted."
"CAP-B08-002","/angelcare-marketplace/admin/providers","Prestataires & fournisseurs","SOURCE_SUPPORTED","SOURCE_SUPPORTED","NOT_APPLICABLE","SOURCE_SUPPORTED","SOURCE_SUPPORTED","NOT_APPLICABLE","NOT_APPLICABLE","NOT_APPLICABLE","SOURCE_SUPPORTED","SOURCE_SUPPORTED","SOURCE_SUPPORTED","NOT_APPLICABLE","NOT_APPLICABLE","SOURCE_SUPPORTED","NOT_APPLICABLE","NOT_APPLICABLE","NOT_APPLICABLE","NOT_APPLICABLE","NOT_APPLICABLE","NOT_APPLICABLE","SOURCE_REVIEWED","ProviderCommand; only states recorded in the approved-screen implementation evidence are asserted."
"CAP-B08-003","/angelcare-marketplace/admin/providers/dossiers/[providerId]","Prestataires & fournisseurs","SOURCE_SUPPORTED","SOURCE_SUPPORTED","NOT_APPLICABLE","SOURCE_SUPPORTED","SOURCE_SUPPORTED","NOT_APPLICABLE","NOT_APPLICABLE","NOT_APPLICABLE","SOURCE_SUPPORTED","SOURCE_SUPPORTED","SOURCE_SUPPORTED","NOT_APPLICABLE","NOT_APPLICABLE","SOURCE_SUPPORTED","NOT_APPLICABLE","NOT_APPLICABLE","NOT_APPLICABLE","NOT_APPLICABLE","NOT_APPLICABLE","NOT_APPLICABLE","SOURCE_REVIEWED","ProviderDossier; only states recorded in the approved-screen implementation evidence are asserted."
"CAP-B08-004","/angelcare-marketplace/admin/providers/documents","Prestataires & fournisseurs","SOURCE_SUPPORTED","SOURCE_SUPPORTED","NOT_APPLICABLE","SOURCE_SUPPORTED","SOURCE_SUPPORTED","NOT_APPLICABLE","NOT_APPLICABLE","NOT_APPLICABLE","SOURCE_SUPPORTED","SOURCE_SUPPORTED","SOURCE_SUPPORTED","NOT_APPLICABLE","NOT_APPLICABLE","SOURCE_SUPPORTED","NOT_APPLICABLE","NOT_APPLICABLE","NOT_APPLICABLE","NOT_APPLICABLE","NOT_APPLICABLE","NOT_APPLICABLE","SOURCE_REVIEWED","ProviderDossier; ProviderActionClient; only states recorded in the approved-screen implementation evidence are asserted."
"CAP-B08-005","/angelcare-marketplace/admin/providers/assignments","Prestataires & fournisseurs","SOURCE_SUPPORTED","SOURCE_SUPPORTED","NOT_APPLICABLE","SOURCE_SUPPORTED","SOURCE_SUPPORTED","NOT_APPLICABLE","NOT_APPLICABLE","NOT_APPLICABLE","SOURCE_SUPPORTED","SOURCE_SUPPORTED","SOURCE_SUPPORTED","NOT_APPLICABLE","NOT_APPLICABLE","SOURCE_SUPPORTED","NOT_APPLICABLE","NOT_APPLICABLE","NOT_APPLICABLE","NOT_APPLICABLE","NOT_APPLICABLE","NOT_APPLICABLE","SOURCE_REVIEWED","ProviderCommand; ProviderDossier; only states recorded in the approved-screen implementation evidence are asserted."
"CAP-B08-006","/angelcare-marketplace/admin/vendors","Prestataires & fournisseurs","SOURCE_SUPPORTED","SOURCE_SUPPORTED","NOT_APPLICABLE","SOURCE_SUPPORTED","SOURCE_SUPPORTED","NOT_APPLICABLE","NOT_APPLICABLE","NOT_APPLICABLE","SOURCE_SUPPORTED","SOURCE_SUPPORTED","SOURCE_SUPPORTED","NOT_APPLICABLE","NOT_APPLICABLE","SOURCE_SUPPORTED","NOT_APPLICABLE","NOT_APPLICABLE","NOT_APPLICABLE","NOT_APPLICABLE","NOT_APPLICABLE","NOT_APPLICABLE","SOURCE_REVIEWED","VendorAuthorityClient; only states recorded in the approved-screen implementation evidence are asserted."
"CAP-B08-007","/angelcare-marketplace/admin/vendors/contracts","Prestataires & fournisseurs","SOURCE_SUPPORTED","SOURCE_SUPPORTED","NOT_APPLICABLE","SOURCE_SUPPORTED","SOURCE_SUPPORTED","NOT_APPLICABLE","NOT_APPLICABLE","NOT_APPLICABLE","SOURCE_SUPPORTED","SOURCE_SUPPORTED","SOURCE_SUPPORTED","NOT_APPLICABLE","NOT_APPLICABLE","SOURCE_SUPPORTED","NOT_APPLICABLE","NOT_APPLICABLE","NOT_APPLICABLE","NOT_APPLICABLE","NOT_APPLICABLE","NOT_APPLICABLE","SOURCE_REVIEWED","VendorAuthorityClient; only states recorded in the approved-screen implementation evidence are asserted."
"CAP-B08-008","/angelcare-marketplace/admin/vendors/orders","Prestataires & fournisseurs","SOURCE_SUPPORTED","SOURCE_SUPPORTED","NOT_APPLICABLE","SOURCE_SUPPORTED","SOURCE_SUPPORTED","NOT_APPLICABLE","NOT_APPLICABLE","NOT_APPLICABLE","SOURCE_SUPPORTED","SOURCE_SUPPORTED","SOURCE_SUPPORTED","NOT_APPLICABLE","NOT_APPLICABLE","SOURCE_SUPPORTED","NOT_APPLICABLE","NOT_APPLICABLE","NOT_APPLICABLE","NOT_APPLICABLE","NOT_APPLICABLE","NOT_APPLICABLE","SOURCE_REVIEWED","VendorAuthorityClient; only states recorded in the approved-screen implementation evidence are asserted."
"CAP-B08-009","/angelcare-marketplace/admin/suppliers","Prestataires & fournisseurs","SOURCE_SUPPORTED","SOURCE_SUPPORTED","NOT_APPLICABLE","SOURCE_SUPPORTED","SOURCE_SUPPORTED","NOT_APPLICABLE","NOT_APPLICABLE","NOT_APPLICABLE","SOURCE_SUPPORTED","SOURCE_SUPPORTED","SOURCE_SUPPORTED","NOT_APPLICABLE","NOT_APPLICABLE","SOURCE_SUPPORTED","NOT_APPLICABLE","NOT_APPLICABLE","NOT_APPLICABLE","NOT_APPLICABLE","NOT_APPLICABLE","NOT_APPLICABLE","SOURCE_REVIEWED","SupplierCommand; only states recorded in the approved-screen implementation evidence are asserted."
"CAP-B08-010","/angelcare-marketplace/admin/supply-network/capacity","Prestataires & fournisseurs","SOURCE_SUPPORTED","SOURCE_SUPPORTED","NOT_APPLICABLE","SOURCE_SUPPORTED","SOURCE_SUPPORTED","NOT_APPLICABLE","NOT_APPLICABLE","NOT_APPLICABLE","SOURCE_SUPPORTED","SOURCE_SUPPORTED","SOURCE_SUPPORTED","NOT_APPLICABLE","NOT_APPLICABLE","SOURCE_SUPPORTED","NOT_APPLICABLE","NOT_APPLICABLE","NOT_APPLICABLE","NOT_APPLICABLE","NOT_APPLICABLE","NOT_APPLICABLE","SOURCE_REVIEWED","NetworkCapacityGrid; ProviderManagementPanel; only states recorded in the approved-screen implementation evidence are asserted."
"CAP-B09-001","/angelcare-marketplace/admin/academy","Academy / B2B & partenaires","SOURCE_SUPPORTED","SOURCE_SUPPORTED","NOT_APPLICABLE","SOURCE_SUPPORTED","SOURCE_SUPPORTED","NOT_APPLICABLE","NOT_APPLICABLE","NOT_APPLICABLE","SOURCE_SUPPORTED","SOURCE_SUPPORTED","SOURCE_SUPPORTED","NOT_APPLICABLE","NOT_APPLICABLE","SOURCE_SUPPORTED","NOT_APPLICABLE","NOT_APPLICABLE","NOT_APPLICABLE","NOT_APPLICABLE","NOT_APPLICABLE","NOT_APPLICABLE","SOURCE_REVIEWED","AcademyCommand; only states recorded in the approved-screen implementation evidence are asserted."
"CAP-B09-002","/angelcare-marketplace/admin/academy/catalog","Academy / B2B & partenaires","SOURCE_SUPPORTED","SOURCE_SUPPORTED","NOT_APPLICABLE","SOURCE_SUPPORTED","SOURCE_SUPPORTED","NOT_APPLICABLE","NOT_APPLICABLE","NOT_APPLICABLE","SOURCE_SUPPORTED","SOURCE_SUPPORTED","SOURCE_SUPPORTED","NOT_APPLICABLE","NOT_APPLICABLE","SOURCE_SUPPORTED","NOT_APPLICABLE","NOT_APPLICABLE","NOT_APPLICABLE","NOT_APPLICABLE","NOT_APPLICABLE","NOT_APPLICABLE","SOURCE_REVIEWED","CatalogRegistry; ProgramStudio; only states recorded in the approved-screen implementation evidence are asserted."
"CAP-B09-003","/angelcare-marketplace/admin/academy/cohorts","Academy / B2B & partenaires","SOURCE_SUPPORTED","SOURCE_SUPPORTED","NOT_APPLICABLE","SOURCE_SUPPORTED","SOURCE_SUPPORTED","NOT_APPLICABLE","NOT_APPLICABLE","NOT_APPLICABLE","SOURCE_SUPPORTED","SOURCE_SUPPORTED","SOURCE_SUPPORTED","NOT_APPLICABLE","NOT_APPLICABLE","SOURCE_SUPPORTED","NOT_APPLICABLE","NOT_APPLICABLE","NOT_APPLICABLE","NOT_APPLICABLE","NOT_APPLICABLE","NOT_APPLICABLE","SOURCE_REVIEWED","CohortCommand; SessionCommand; TrainerCommand; only states recorded in the approved-screen implementation evidence are asserted."
"CAP-B09-004","/angelcare-marketplace/admin/academy/certificates","Academy / B2B & partenaires","SOURCE_SUPPORTED","SOURCE_SUPPORTED","NOT_APPLICABLE","SOURCE_SUPPORTED","SOURCE_SUPPORTED","NOT_APPLICABLE","NOT_APPLICABLE","NOT_APPLICABLE","SOURCE_SUPPORTED","SOURCE_SUPPORTED","SOURCE_SUPPORTED","NOT_APPLICABLE","NOT_APPLICABLE","SOURCE_SUPPORTED","NOT_APPLICABLE","NOT_APPLICABLE","NOT_APPLICABLE","NOT_APPLICABLE","NOT_APPLICABLE","NOT_APPLICABLE","SOURCE_REVIEWED","CertificateAuthority; AssessmentCommand; only states recorded in the approved-screen implementation evidence are asserted."
"CAP-B09-005","/angelcare-marketplace/admin/verticals","Academy / B2B & partenaires","SOURCE_SUPPORTED","SOURCE_SUPPORTED","NOT_APPLICABLE","SOURCE_SUPPORTED","SOURCE_SUPPORTED","NOT_APPLICABLE","NOT_APPLICABLE","NOT_APPLICABLE","SOURCE_SUPPORTED","SOURCE_SUPPORTED","SOURCE_SUPPORTED","NOT_APPLICABLE","NOT_APPLICABLE","SOURCE_SUPPORTED","NOT_APPLICABLE","NOT_APPLICABLE","NOT_APPLICABLE","NOT_APPLICABLE","NOT_APPLICABLE","NOT_APPLICABLE","SOURCE_REVIEWED","B2BExecutiveCommand; only states recorded in the approved-screen implementation evidence are asserted."
"CAP-B09-006","/angelcare-marketplace/admin/verticals/organizations/[organizationId]","Academy / B2B & partenaires","SOURCE_SUPPORTED","SOURCE_SUPPORTED","NOT_APPLICABLE","SOURCE_SUPPORTED","SOURCE_SUPPORTED","NOT_APPLICABLE","NOT_APPLICABLE","NOT_APPLICABLE","SOURCE_SUPPORTED","SOURCE_SUPPORTED","SOURCE_SUPPORTED","NOT_APPLICABLE","NOT_APPLICABLE","SOURCE_SUPPORTED","NOT_APPLICABLE","NOT_APPLICABLE","NOT_APPLICABLE","NOT_APPLICABLE","NOT_APPLICABLE","NOT_APPLICABLE","SOURCE_REVIEWED","Organization360; B2BOperatorDesk; only states recorded in the approved-screen implementation evidence are asserted."
"CAP-B09-007","/angelcare-marketplace/admin/verticals/corporates/eligibility","Academy / B2B & partenaires","SOURCE_SUPPORTED","SOURCE_SUPPORTED","NOT_APPLICABLE","SOURCE_SUPPORTED","SOURCE_SUPPORTED","NOT_APPLICABLE","NOT_APPLICABLE","NOT_APPLICABLE","SOURCE_SUPPORTED","SOURCE_SUPPORTED","SOURCE_SUPPORTED","NOT_APPLICABLE","NOT_APPLICABLE","SOURCE_SUPPORTED","NOT_APPLICABLE","NOT_APPLICABLE","NOT_APPLICABLE","NOT_APPLICABLE","NOT_APPLICABLE","NOT_APPLICABLE","SOURCE_REVIEWED","CorporateCommand; CorporateEligibilityCommand; only states recorded in the approved-screen implementation evidence are asserted."
"CAP-B09-008","/angelcare-marketplace/admin/verticals/establishments","Academy / B2B & partenaires","SOURCE_SUPPORTED","SOURCE_SUPPORTED","NOT_APPLICABLE","SOURCE_SUPPORTED","SOURCE_SUPPORTED","NOT_APPLICABLE","NOT_APPLICABLE","NOT_APPLICABLE","SOURCE_SUPPORTED","SOURCE_SUPPORTED","SOURCE_SUPPORTED","NOT_APPLICABLE","NOT_APPLICABLE","SOURCE_SUPPORTED","NOT_APPLICABLE","NOT_APPLICABLE","NOT_APPLICABLE","NOT_APPLICABLE","NOT_APPLICABLE","NOT_APPLICABLE","SOURCE_REVIEWED","EstablishmentsCommand; only states recorded in the approved-screen implementation evidence are asserted."
"CAP-B09-009","/angelcare-marketplace/admin/verticals/health-partners","Academy / B2B & partenaires","SOURCE_SUPPORTED","SOURCE_SUPPORTED","NOT_APPLICABLE","SOURCE_SUPPORTED","SOURCE_SUPPORTED","NOT_APPLICABLE","NOT_APPLICABLE","NOT_APPLICABLE","SOURCE_SUPPORTED","SOURCE_SUPPORTED","SOURCE_SUPPORTED","NOT_APPLICABLE","NOT_APPLICABLE","SOURCE_SUPPORTED","NOT_APPLICABLE","NOT_APPLICABLE","NOT_APPLICABLE","NOT_APPLICABLE","NOT_APPLICABLE","NOT_APPLICABLE","SOURCE_REVIEWED","HealthPartnersCommand; only states recorded in the approved-screen implementation evidence are asserted."
"CAP-B09-010","/angelcare-marketplace/admin/verticals/hospitality","Academy / B2B & partenaires","SOURCE_SUPPORTED","SOURCE_SUPPORTED","NOT_APPLICABLE","SOURCE_SUPPORTED","SOURCE_SUPPORTED","NOT_APPLICABLE","NOT_APPLICABLE","NOT_APPLICABLE","SOURCE_SUPPORTED","SOURCE_SUPPORTED","SOURCE_SUPPORTED","NOT_APPLICABLE","NOT_APPLICABLE","SOURCE_SUPPORTED","NOT_APPLICABLE","NOT_APPLICABLE","NOT_APPLICABLE","NOT_APPLICABLE","NOT_APPLICABLE","NOT_APPLICABLE","SOURCE_REVIEWED","HospitalityCommand; only states recorded in the approved-screen implementation evidence are asserted."
"CAP-B10-001","/angelcare-marketplace/admin/finance","Finance","SOURCE_SUPPORTED","SOURCE_SUPPORTED","NOT_APPLICABLE","SOURCE_SUPPORTED","NOT_APPLICABLE","NOT_APPLICABLE","NOT_APPLICABLE","NOT_APPLICABLE","NOT_APPLICABLE","SOURCE_SUPPORTED","NOT_APPLICABLE","NOT_APPLICABLE","NOT_APPLICABLE","SOURCE_SUPPORTED","NOT_APPLICABLE","NOT_APPLICABLE","NOT_APPLICABLE","NOT_APPLICABLE","NOT_APPLICABLE","NOT_APPLICABLE","SOURCE_REVIEWED","FinanceControlLedger; only states recorded in the approved-screen implementation evidence are asserted."
"CAP-B10-002","/angelcare-marketplace/admin/payments","Finance","SOURCE_SUPPORTED","SOURCE_SUPPORTED","NOT_APPLICABLE","SOURCE_SUPPORTED","NOT_APPLICABLE","NOT_APPLICABLE","NOT_APPLICABLE","NOT_APPLICABLE","SOURCE_SUPPORTED","SOURCE_SUPPORTED","NOT_APPLICABLE","NOT_APPLICABLE","NOT_APPLICABLE","SOURCE_SUPPORTED","NOT_APPLICABLE","NOT_APPLICABLE","NOT_APPLICABLE","NOT_APPLICABLE","NOT_APPLICABLE","NOT_APPLICABLE","SOURCE_REVIEWED","PaymentCommand; PaymentAdminCommand; FinanceControlLedger payments workspace; only states recorded in the approved-screen implementation evidence are asserted."
"CAP-B10-003","/angelcare-marketplace/admin/payments/[paymentIntentId]/command","Finance","SOURCE_SUPPORTED","NOT_APPLICABLE","NOT_APPLICABLE","SOURCE_SUPPORTED","NOT_APPLICABLE","NOT_APPLICABLE","NOT_APPLICABLE","NOT_APPLICABLE","SOURCE_SUPPORTED","SOURCE_SUPPORTED","SOURCE_SUPPORTED","NOT_APPLICABLE","NOT_APPLICABLE","SOURCE_SUPPORTED","NOT_APPLICABLE","NOT_APPLICABLE","NOT_APPLICABLE","NOT_APPLICABLE","NOT_APPLICABLE","NOT_APPLICABLE","SOURCE_REVIEWED","PaymentMegaCommand; Finance PaymentDrawer; only states recorded in the approved-screen implementation evidence are asserted."
"CAP-B10-004","/angelcare-marketplace/admin/finance/invoices","Finance","SOURCE_SUPPORTED","SOURCE_SUPPORTED","NOT_APPLICABLE","SOURCE_SUPPORTED","NOT_APPLICABLE","NOT_APPLICABLE","NOT_APPLICABLE","NOT_APPLICABLE","SOURCE_SUPPORTED","SOURCE_SUPPORTED","SOURCE_SUPPORTED","NOT_APPLICABLE","NOT_APPLICABLE","SOURCE_SUPPORTED","NOT_APPLICABLE","NOT_APPLICABLE","NOT_APPLICABLE","NOT_APPLICABLE","NOT_APPLICABLE","SOURCE_SUPPORTED","SOURCE_REVIEWED","InvoiceCommand; InvoiceReadinessAuthority; Finance InvoiceDrawer; only states recorded in the approved-screen implementation evidence are asserted."
"CAP-B10-005","/angelcare-marketplace/admin/finance/receipts","Finance","SOURCE_SUPPORTED","SOURCE_SUPPORTED","NOT_APPLICABLE","SOURCE_SUPPORTED","NOT_APPLICABLE","NOT_APPLICABLE","NOT_APPLICABLE","SOURCE_SUPPORTED","SOURCE_SUPPORTED","SOURCE_SUPPORTED","NOT_APPLICABLE","NOT_APPLICABLE","NOT_APPLICABLE","SOURCE_SUPPORTED","NOT_APPLICABLE","NOT_APPLICABLE","NOT_APPLICABLE","NOT_APPLICABLE","NOT_APPLICABLE","NOT_APPLICABLE","SOURCE_REVIEWED","ReceiptCommand; Finance ReceiptDrawer; only states recorded in the approved-screen implementation evidence are asserted."
"CAP-B10-006","/angelcare-marketplace/admin/wallet","Finance","SOURCE_SUPPORTED","SOURCE_SUPPORTED","NOT_APPLICABLE","SOURCE_SUPPORTED","NOT_APPLICABLE","SOURCE_SUPPORTED","NOT_APPLICABLE","NOT_APPLICABLE","SOURCE_SUPPORTED","SOURCE_SUPPORTED","SOURCE_SUPPORTED","NOT_APPLICABLE","NOT_APPLICABLE","SOURCE_SUPPORTED","NOT_APPLICABLE","NOT_APPLICABLE","NOT_APPLICABLE","NOT_APPLICABLE","NOT_APPLICABLE","NOT_APPLICABLE","SOURCE_REVIEWED","WalletAuthorityClient; WalletPolicyStudio; WalletPolicyImportStudio; Finance CreditDrawer; only states recorded in the approved-screen implementation evidence are asserted."
"CAP-B10-007","/angelcare-marketplace/admin/finance/price-books","Finance","SOURCE_SUPPORTED","SOURCE_SUPPORTED","NOT_APPLICABLE","SOURCE_SUPPORTED","NOT_APPLICABLE","NOT_APPLICABLE","NOT_APPLICABLE","NOT_APPLICABLE","NOT_APPLICABLE","SOURCE_SUPPORTED","SOURCE_SUPPORTED","NOT_APPLICABLE","NOT_APPLICABLE","SOURCE_SUPPORTED","NOT_APPLICABLE","NOT_APPLICABLE","NOT_APPLICABLE","NOT_APPLICABLE","NOT_APPLICABLE","NOT_APPLICABLE","SOURCE_REVIEWED","PriceBookAuthority; PriceBookTransitionDesk; PriceRuleEvaluationDesk; only states recorded in the approved-screen implementation evidence are asserted."
"CAP-B10-008","/angelcare-marketplace/admin/finance/margins","Finance","SOURCE_SUPPORTED","SOURCE_SUPPORTED","NOT_APPLICABLE","SOURCE_SUPPORTED","NOT_APPLICABLE","NOT_APPLICABLE","NOT_APPLICABLE","NOT_APPLICABLE","SOURCE_SUPPORTED","SOURCE_SUPPORTED","NOT_APPLICABLE","NOT_APPLICABLE","NOT_APPLICABLE","SOURCE_SUPPORTED","NOT_APPLICABLE","NOT_APPLICABLE","NOT_APPLICABLE","NOT_APPLICABLE","NOT_APPLICABLE","NOT_APPLICABLE","SOURCE_REVIEWED","MarginAuthority; MarginDecisionDesk; only states recorded in the approved-screen implementation evidence are asserted."
"CAP-B10-009","/angelcare-marketplace/admin/finance/revenue-streams","Finance","SOURCE_SUPPORTED","SOURCE_SUPPORTED","NOT_APPLICABLE","SOURCE_SUPPORTED","NOT_APPLICABLE","NOT_APPLICABLE","NOT_APPLICABLE","NOT_APPLICABLE","SOURCE_SUPPORTED","SOURCE_SUPPORTED","NOT_APPLICABLE","NOT_APPLICABLE","NOT_APPLICABLE","SOURCE_SUPPORTED","NOT_APPLICABLE","NOT_APPLICABLE","NOT_APPLICABLE","SOURCE_SUPPORTED","NOT_APPLICABLE","NOT_APPLICABLE","SOURCE_REVIEWED","RevenueAuthority; SubscriptionCommand; Finance SubscriptionDrawer; only states recorded in the approved-screen implementation evidence are asserted."
"CAP-B10-010","/angelcare-marketplace/admin/finance/reconciliation","Finance","SOURCE_SUPPORTED","SOURCE_SUPPORTED","NOT_APPLICABLE","SOURCE_SUPPORTED","NOT_APPLICABLE","NOT_APPLICABLE","NOT_APPLICABLE","NOT_APPLICABLE","SOURCE_SUPPORTED","SOURCE_SUPPORTED","NOT_APPLICABLE","NOT_APPLICABLE","NOT_APPLICABLE","SOURCE_SUPPORTED","NOT_APPLICABLE","NOT_APPLICABLE","NOT_APPLICABLE","NOT_APPLICABLE","NOT_APPLICABLE","NOT_APPLICABLE","SOURCE_REVIEWED","ReconciliationAuthority; ReconciliationResolutionDesk; Finance ReconciliationDrawer; only states recorded in the approved-screen implementation evidence are asserted."
"CAP-B11-001","/angelcare-marketplace/admin/trust","Trust & qualité","SOURCE_SUPPORTED","SOURCE_SUPPORTED","NOT_APPLICABLE","SOURCE_SUPPORTED","NOT_APPLICABLE","NOT_APPLICABLE","NOT_APPLICABLE","NOT_APPLICABLE","SOURCE_SUPPORTED","SOURCE_SUPPORTED","SOURCE_SUPPORTED","NOT_APPLICABLE","NOT_APPLICABLE","SOURCE_SUPPORTED","NOT_APPLICABLE","NOT_APPLICABLE","NOT_APPLICABLE","NOT_APPLICABLE","NOT_APPLICABLE","NOT_APPLICABLE","SOURCE_REVIEWED","TrustCommand; AdminWorkspaceContextNav; only states recorded in the approved-screen implementation evidence are asserted."
"CAP-B11-002","/angelcare-marketplace/admin/trust/quality-check-360","Trust & qualité","SOURCE_SUPPORTED","SOURCE_SUPPORTED","NOT_APPLICABLE","SOURCE_SUPPORTED","NOT_APPLICABLE","NOT_APPLICABLE","NOT_APPLICABLE","NOT_APPLICABLE","SOURCE_SUPPORTED","SOURCE_SUPPORTED","SOURCE_SUPPORTED","NOT_APPLICABLE","NOT_APPLICABLE","SOURCE_SUPPORTED","NOT_APPLICABLE","NOT_APPLICABLE","NOT_APPLICABLE","NOT_APPLICABLE","NOT_APPLICABLE","NOT_APPLICABLE","SOURCE_REVIEWED","Quality360Command; QualityAssessmentInspector; TrustDecisionDesk; only states recorded in the approved-screen implementation evidence are asserted."
"CAP-B11-003","/angelcare-marketplace/admin/trust/complaints","Trust & qualité","SOURCE_SUPPORTED","SOURCE_SUPPORTED","NOT_APPLICABLE","SOURCE_SUPPORTED","NOT_APPLICABLE","NOT_APPLICABLE","NOT_APPLICABLE","NOT_APPLICABLE","SOURCE_SUPPORTED","SOURCE_SUPPORTED","NOT_APPLICABLE","NOT_APPLICABLE","NOT_APPLICABLE","SOURCE_SUPPORTED","NOT_APPLICABLE","NOT_APPLICABLE","NOT_APPLICABLE","NOT_APPLICABLE","NOT_APPLICABLE","NOT_APPLICABLE","SOURCE_REVIEWED","ComplaintCommand; ComplaintInvestigationInspector; TrustDecisionDesk; CapaCommand; only states recorded in the approved-screen implementation evidence are asserted."
"CAP-B11-004","/angelcare-marketplace/admin/trust/sops","Trust & qualité","SOURCE_SUPPORTED","SOURCE_SUPPORTED","NOT_APPLICABLE","SOURCE_SUPPORTED","NOT_APPLICABLE","NOT_APPLICABLE","NOT_APPLICABLE","SOURCE_SUPPORTED","SOURCE_SUPPORTED","SOURCE_SUPPORTED","SOURCE_SUPPORTED","NOT_APPLICABLE","NOT_APPLICABLE","SOURCE_SUPPORTED","NOT_APPLICABLE","NOT_APPLICABLE","NOT_APPLICABLE","NOT_APPLICABLE","NOT_APPLICABLE","NOT_APPLICABLE","SOURCE_REVIEWED","SopAuthority; SopCreateDesk; TrustDecisionDesk; StandardsAuthority; ComplianceAuthority; SensitiveContentCommand; SensitiveReviewDecisionDesk; only states recorded in the approved-screen implementation evidence are asserted."
"CAP-B11-005","/angelcare-marketplace/admin/analytics","Analytics & intelligence","SOURCE_SUPPORTED","SOURCE_SUPPORTED","NOT_APPLICABLE","SOURCE_SUPPORTED","NOT_APPLICABLE","NOT_APPLICABLE","SOURCE_SUPPORTED","NOT_APPLICABLE","SOURCE_SUPPORTED","SOURCE_SUPPORTED","SOURCE_SUPPORTED","NOT_APPLICABLE","NOT_APPLICABLE","SOURCE_SUPPORTED","NOT_APPLICABLE","NOT_APPLICABLE","NOT_APPLICABLE","NOT_APPLICABLE","NOT_APPLICABLE","NOT_APPLICABLE","SOURCE_REVIEWED","AnalyticsCommand; AnalyticsRefreshDesk; ExecutiveControlCommand; only states recorded in the approved-screen implementation evidence are asserted."
"CAP-B11-006","/angelcare-marketplace/admin/analytics/marketplace","Analytics & intelligence","SOURCE_SUPPORTED","SOURCE_SUPPORTED","NOT_APPLICABLE","SOURCE_SUPPORTED","NOT_APPLICABLE","SOURCE_SUPPORTED","SOURCE_SUPPORTED","NOT_APPLICABLE","SOURCE_SUPPORTED","NOT_APPLICABLE","NOT_APPLICABLE","NOT_APPLICABLE","NOT_APPLICABLE","SOURCE_SUPPORTED","NOT_APPLICABLE","NOT_APPLICABLE","NOT_APPLICABLE","NOT_APPLICABLE","NOT_APPLICABLE","NOT_APPLICABLE","SOURCE_REVIEWED","MetricRegistry; DataQualityCommand; AnalyticsToIntelligence; AnalyticsRefreshDesk; only states recorded in the approved-screen implementation evidence are asserted."
"CAP-B11-007","/angelcare-marketplace/admin/executive-control","Analytics & intelligence","SOURCE_SUPPORTED","SOURCE_SUPPORTED","NOT_APPLICABLE","SOURCE_SUPPORTED","NOT_APPLICABLE","NOT_APPLICABLE","SOURCE_SUPPORTED","NOT_APPLICABLE","SOURCE_SUPPORTED","SOURCE_SUPPORTED","SOURCE_SUPPORTED","NOT_APPLICABLE","NOT_APPLICABLE","SOURCE_SUPPORTED","NOT_APPLICABLE","NOT_APPLICABLE","NOT_APPLICABLE","NOT_APPLICABLE","NOT_APPLICABLE","NOT_APPLICABLE","SOURCE_REVIEWED","ExecutiveControlCommand; BusinessPulseCommand; executive briefs registry; IntelligenceDecisionCommand; only states recorded in the approved-screen implementation evidence are asserted."
"CAP-B11-008","/angelcare-marketplace/admin/security","Paramètres & gouvernance","SOURCE_SUPPORTED","SOURCE_SUPPORTED","NOT_APPLICABLE","SOURCE_SUPPORTED","NOT_APPLICABLE","NOT_APPLICABLE","NOT_APPLICABLE","NOT_APPLICABLE","SOURCE_SUPPORTED","SOURCE_SUPPORTED","SOURCE_SUPPORTED","NOT_APPLICABLE","NOT_APPLICABLE","SOURCE_SUPPORTED","NOT_APPLICABLE","NOT_APPLICABLE","NOT_APPLICABLE","NOT_APPLICABLE","NOT_APPLICABLE","NOT_APPLICABLE","SOURCE_REVIEWED","SecurityCommand; SecurityGovernanceDesk; SecurityRegisters; only states recorded in the approved-screen implementation evidence are asserted."
"CAP-B11-009","/angelcare-marketplace/admin/configuration","Paramètres & gouvernance","SOURCE_SUPPORTED","SOURCE_SUPPORTED","NOT_APPLICABLE","SOURCE_SUPPORTED","NOT_APPLICABLE","NOT_APPLICABLE","NOT_APPLICABLE","SOURCE_SUPPORTED","SOURCE_SUPPORTED","SOURCE_SUPPORTED","SOURCE_SUPPORTED","NOT_APPLICABLE","NOT_APPLICABLE","SOURCE_SUPPORTED","NOT_APPLICABLE","NOT_APPLICABLE","NOT_APPLICABLE","NOT_APPLICABLE","NOT_APPLICABLE","NOT_APPLICABLE","SOURCE_REVIEWED","GovernanceCommand; ConfigurationClient; ModuleRegistryClient; WorkspaceRegistryCommand; ProductExcellenceCommand; only states recorded in the approved-screen implementation evidence are asserted."
"CAP-B11-010","/angelcare-marketplace/admin/launch","Paramètres & gouvernance","SOURCE_SUPPORTED","SOURCE_SUPPORTED","NOT_APPLICABLE","SOURCE_SUPPORTED","NOT_APPLICABLE","NOT_APPLICABLE","NOT_APPLICABLE","NOT_APPLICABLE","SOURCE_SUPPORTED","SOURCE_SUPPORTED","SOURCE_SUPPORTED","NOT_APPLICABLE","NOT_APPLICABLE","SOURCE_SUPPORTED","NOT_APPLICABLE","NOT_APPLICABLE","NOT_APPLICABLE","NOT_APPLICABLE","NOT_APPLICABLE","NOT_APPLICABLE","SOURCE_REVIEWED","LaunchCommand; LaunchDecisionDesk; QaCommand; QaDefectDecisionDesk; ReadinessClient; ActivationCommand; LaunchRegisters; only states recorded in the approved-screen implementation evidence are asserted."
