"source_route","target_route","link_type","authority","status","notes"
"/angelcare-marketplace/admin/configuration","/angelcare-marketplace/admin/configuration/integrations/payments/paypal","CONTEXTUAL_GOVERNANCE_LINK","GovernanceCommand","STATIC_VERIFIED","PayPal remains inside the frozen Governance workspace."
"/angelcare-marketplace/admin/configuration","/angelcare-marketplace/admin/configuration/storage/media","CONTEXTUAL_GOVERNANCE_LINK","GovernanceCommand","STATIC_VERIFIED","Storage remains inside the frozen Governance workspace."
"/angelcare-marketplace/admin/media/library","/angelcare-marketplace/admin/configuration/storage/media","CONTEXTUAL_STORAGE_HEALTH_LINK","MediaLibraryStudio","STATIC_VERIFIED","Operator can inspect storage health without a second primary workspace."
"/angelcare-marketplace/admin/live-experience-command","/angelcare-marketplace/admin/live-experience-command/proof-sources","CONTEXTUAL_STUDIO_LINK","Live Experience command navigation","STATIC_VERIFIED","Proof sources remain inside Marketing & promotions."
"angelcare-marketplace/academy-engine/components/AcademyCommand.tsx","/angelcare-marketplace/admin/academy/certificates","SOURCE_LITERAL_ADMIN_LINK","TSX href source","STATIC_ROUTE_EXISTS","Destination page.tsx exists."
"angelcare-marketplace/academy-engine/components/AcademyCommand.tsx","/angelcare-marketplace/admin/academy/cohorts","SOURCE_LITERAL_ADMIN_LINK","TSX href source","STATIC_ROUTE_EXISTS","Destination page.tsx exists."
"angelcare-marketplace/admin-control-plane/components/FamilyRequestDossier.tsx","/angelcare-marketplace/admin/family-requests","SOURCE_LITERAL_ADMIN_LINK","TSX href source","STATIC_ROUTE_EXISTS","Destination page.tsx exists."
"angelcare-marketplace/admin-control-plane/components/ManualOrderCommand.tsx","/angelcare-marketplace/admin/orders","SOURCE_LITERAL_ADMIN_LINK","TSX href source","STATIC_ROUTE_EXISTS","Destination page.tsx exists."
"angelcare-marketplace/admin-excellence/components/FinalRealityReadiness.tsx","/angelcare-marketplace/admin/workspaces","SOURCE_LITERAL_ADMIN_LINK","TSX href source","STATIC_ROUTE_EXISTS","Destination page.tsx exists."
"angelcare-marketplace/admin-excellence/components/OperatorExcellenceCockpit.tsx","/angelcare-marketplace/admin/workspaces","SOURCE_LITERAL_ADMIN_LINK","TSX href source","STATIC_ROUTE_EXISTS","Destination page.tsx exists."
"angelcare-marketplace/analytics-security/components/AnalyticsCommand.tsx","/angelcare-marketplace/admin/intelligence/executive","SOURCE_LITERAL_ADMIN_LINK","TSX href source","STATIC_ROUTE_EXISTS","Destination page.tsx exists."
"angelcare-marketplace/analytics-security/components/AnalyticsCommand.tsx","/angelcare-marketplace/admin/analytics/data-quality","SOURCE_LITERAL_ADMIN_LINK","TSX href source","STATIC_ROUTE_EXISTS","Destination page.tsx exists."
"angelcare-marketplace/b2b-verticals/components/B2BExecutiveCommand.tsx","/angelcare-marketplace/admin/verticals/establishments","SOURCE_LITERAL_ADMIN_LINK","TSX href source","STATIC_ROUTE_EXISTS","Destination page.tsx exists."
"angelcare-marketplace/b2b-verticals/components/B2BExecutiveCommand.tsx","/angelcare-marketplace/admin/commercial","SOURCE_LITERAL_ADMIN_LINK","TSX href source","STATIC_ROUTE_EXISTS","Destination page.tsx exists."
"angelcare-marketplace/b2b-verticals/components/B2BExecutiveCommand.tsx","/angelcare-marketplace/admin/verticals/organizations","SOURCE_LITERAL_ADMIN_LINK","TSX href source","STATIC_ROUTE_EXISTS","Destination page.tsx exists."
"angelcare-marketplace/b2b-verticals/components/CorporateCommand.tsx","/angelcare-marketplace/admin/verticals/corporates/eligibility","SOURCE_LITERAL_ADMIN_LINK","TSX href source","STATIC_ROUTE_EXISTS","Destination page.tsx exists."
"angelcare-marketplace/b2b-verticals/components/EstablishmentsCommand.tsx","/angelcare-marketplace/admin/verticals/establishments/diagnostics","SOURCE_LITERAL_ADMIN_LINK","TSX href source","STATIC_ROUTE_EXISTS","Destination page.tsx exists."
"angelcare-marketplace/b2b-verticals/components/HealthPartnersCommand.tsx","/angelcare-marketplace/admin/verticals/health-partners/compliance","SOURCE_LITERAL_ADMIN_LINK","TSX href source","STATIC_ROUTE_EXISTS","Destination page.tsx exists."
"angelcare-marketplace/b2b-verticals/components/HospitalityCommand.tsx","/angelcare-marketplace/admin/verticals/hospitality/programs","SOURCE_LITERAL_ADMIN_LINK","TSX href source","STATIC_ROUTE_EXISTS","Destination page.tsx exists."
"angelcare-marketplace/b2b-verticals/components/Organization360.tsx","/angelcare-marketplace/admin/verticals","SOURCE_LITERAL_ADMIN_LINK","TSX href source","STATIC_ROUTE_EXISTS","Destination page.tsx exists."
"angelcare-marketplace/b2b-verticals/components/Organization360.tsx","/angelcare-marketplace/admin/commercial","SOURCE_LITERAL_ADMIN_LINK","TSX href source","STATIC_ROUTE_EXISTS","Destination page.tsx exists."
"angelcare-marketplace/category-native/components/CsvTemplateFactory.tsx","/angelcare-marketplace/admin/category-native/schemas","SOURCE_LITERAL_ADMIN_LINK","TSX href source","STATIC_ROUTE_EXISTS","Destination page.tsx exists."
"angelcare-marketplace/category-native/components/CsvTemplateFactory.tsx","/angelcare-marketplace/admin/category-native/imports","SOURCE_LITERAL_ADMIN_LINK","TSX href source","STATIC_ROUTE_EXISTS","Destination page.tsx exists."
"angelcare-marketplace/category-native/components/HomepageDesigner2.tsx","/angelcare-marketplace/admin/homepage/history","SOURCE_LITERAL_ADMIN_LINK","TSX href source","STATIC_ROUTE_EXISTS","Destination page.tsx exists."
"angelcare-marketplace/category-native/components/SchemaArchitectureStudio.tsx","/angelcare-marketplace/admin/category-native/template-factory","SOURCE_LITERAL_ADMIN_LINK","TSX href source","STATIC_ROUTE_EXISTS","Destination page.tsx exists."
"angelcare-marketplace/category-native/components/SchemaArchitectureStudio.tsx","/angelcare-marketplace/admin/category-native/archetypes","SOURCE_LITERAL_ADMIN_LINK","TSX href source","STATIC_ROUTE_EXISTS","Destination page.tsx exists."
"angelcare-marketplace/commerce-product-atelier/components/AtelierShell.tsx","/angelcare-marketplace/admin/search","SOURCE_LITERAL_ADMIN_LINK","TSX href source","STATIC_ROUTE_EXISTS","Destination page.tsx exists."
"angelcare-marketplace/commerce-product-atelier/components/AtelierShell.tsx","/angelcare-marketplace/admin/bulk-operations","SOURCE_LITERAL_ADMIN_LINK","TSX href source","STATIC_ROUTE_EXISTS","Destination page.tsx exists."
"angelcare-marketplace/commerce-product-atelier/components/AtelierShell.tsx","/angelcare-marketplace/admin/commerce-factory/imports","SOURCE_LITERAL_ADMIN_LINK","TSX href source","STATIC_ROUTE_EXISTS","Destination page.tsx exists."
"angelcare-marketplace/commerce-product-atelier/components/AtelierShell.tsx","/angelcare-marketplace/admin/commerce-factory/products","SOURCE_LITERAL_ADMIN_LINK","TSX href source","STATIC_ROUTE_EXISTS","Destination page.tsx exists."
"angelcare-marketplace/commerce-studio/components/CatalogRegistryStudio.tsx","/angelcare-marketplace/admin/catalog/items/new","SOURCE_LITERAL_ADMIN_LINK","TSX href source","STATIC_ROUTE_EXISTS","Destination page.tsx exists."
"angelcare-marketplace/commerce-studio/components/CategoryStudio.tsx","/angelcare-marketplace/admin/catalog/categories/new","SOURCE_LITERAL_ADMIN_LINK","TSX href source","STATIC_ROUTE_EXISTS","Destination page.tsx exists."
"angelcare-marketplace/commerce-studio/components/CategoryStudio.tsx","/angelcare-marketplace/admin/commerce-studio/publication","SOURCE_LITERAL_ADMIN_LINK","TSX href source","STATIC_ROUTE_EXISTS","Destination page.tsx exists."
"angelcare-marketplace/commerce-studio/components/CollectionStudio.tsx","/angelcare-marketplace/admin/commerce-studio/publication","SOURCE_LITERAL_ADMIN_LINK","TSX href source","STATIC_ROUTE_EXISTS","Destination page.tsx exists."
"angelcare-marketplace/commerce-studio/components/CommerceStudioCommand.tsx","/angelcare-marketplace/admin/catalog/items","SOURCE_LITERAL_ADMIN_LINK","TSX href source","STATIC_ROUTE_EXISTS","Destination page.tsx exists."
"angelcare-marketplace/commerce-studio/components/CommerceStudioCommand.tsx","/angelcare-marketplace/admin/commerce-studio/import-export","SOURCE_LITERAL_ADMIN_LINK","TSX href source","STATIC_ROUTE_EXISTS","Destination page.tsx exists."
"angelcare-marketplace/commerce-studio/components/HeroCampaignStudio.tsx","/angelcare-marketplace/admin/homepage/history","SOURCE_LITERAL_ADMIN_LINK","TSX href source","STATIC_ROUTE_EXISTS","Destination page.tsx exists."
"angelcare-marketplace/commerce-studio/components/NavigationStudio.tsx","/angelcare-marketplace/admin/navigation/history","SOURCE_LITERAL_ADMIN_LINK","TSX href source","STATIC_ROUTE_EXISTS","Destination page.tsx exists."
"angelcare-marketplace/commercial-pipeline/components/QuoteRegistry.tsx","/angelcare-marketplace/admin/conversion/quotations","SOURCE_LITERAL_ADMIN_LINK","TSX href source","STATIC_ROUTE_EXISTS","Destination page.tsx exists."
"angelcare-marketplace/commercial-pipeline/components/QuoteRegistry.tsx","/angelcare-marketplace/admin/verticals","SOURCE_LITERAL_ADMIN_LINK","TSX href source","STATIC_ROUTE_EXISTS","Destination page.tsx exists."
"angelcare-marketplace/components/FoundationUnavailable.tsx","/angelcare-marketplace/admin/readiness","SOURCE_LITERAL_ADMIN_LINK","TSX href source","STATIC_ROUTE_EXISTS","Destination page.tsx exists."
"angelcare-marketplace/conversion-universe/components/ConversionAdminCommand.tsx","/angelcare-marketplace/admin/conversion/exceptions","SOURCE_LITERAL_ADMIN_LINK","TSX href source","STATIC_ROUTE_EXISTS","Destination page.tsx exists."
"angelcare-marketplace/conversion-universe/components/ConversionAdminCommand.tsx","/angelcare-marketplace/admin/conversion/sessions","SOURCE_LITERAL_ADMIN_LINK","TSX href source","STATIC_ROUTE_EXISTS","Destination page.tsx exists."
"angelcare-marketplace/conversion-universe/components/ConversionBasketBoard.tsx","/angelcare-marketplace/admin/conversion","SOURCE_LITERAL_ADMIN_LINK","TSX href source","STATIC_ROUTE_EXISTS","Destination page.tsx exists."
"angelcare-marketplace/conversion-universe/components/ConversionEvidenceBoard.tsx","/angelcare-marketplace/admin/conversion","SOURCE_LITERAL_ADMIN_LINK","TSX href source","STATIC_ROUTE_EXISTS","Destination page.tsx exists."
"angelcare-marketplace/conversion-universe/components/ConversionQueueBoard.tsx","/angelcare-marketplace/admin/conversion/sessions","SOURCE_LITERAL_ADMIN_LINK","TSX href source","STATIC_ROUTE_EXISTS","Destination page.tsx exists."
"angelcare-marketplace/conversion-universe/components/ConversionQueueBoard.tsx","/angelcare-marketplace/admin/academy/cohorts","SOURCE_LITERAL_ADMIN_LINK","TSX href source","STATIC_ROUTE_EXISTS","Destination page.tsx exists."
"angelcare-marketplace/conversion-universe/components/ConversionQueueBoard.tsx","/angelcare-marketplace/admin/journeys/enrollments","SOURCE_LITERAL_ADMIN_LINK","TSX href source","STATIC_ROUTE_EXISTS","Destination page.tsx exists."
"angelcare-marketplace/conversion-universe/components/ConversionQueueBoard.tsx","/angelcare-marketplace/admin/conversion","SOURCE_LITERAL_ADMIN_LINK","TSX href source","STATIC_ROUTE_EXISTS","Destination page.tsx exists."
"angelcare-marketplace/conversion-universe/components/ConversionQueueBoard.tsx","/angelcare-marketplace/admin/conversion/exceptions","SOURCE_LITERAL_ADMIN_LINK","TSX href source","STATIC_ROUTE_EXISTS","Destination page.tsx exists."
"angelcare-marketplace/conversion-universe/components/ConversionQueueBoard.tsx","/angelcare-marketplace/admin/conversion/consents","SOURCE_LITERAL_ADMIN_LINK","TSX href source","STATIC_ROUTE_EXISTS","Destination page.tsx exists."
"angelcare-marketplace/conversion-universe/components/ConversionQueueBoard.tsx","/angelcare-marketplace/admin/conversion/holds","SOURCE_LITERAL_ADMIN_LINK","TSX href source","STATIC_ROUTE_EXISTS","Destination page.tsx exists."
"angelcare-marketplace/conversion-universe/components/ConversionSessionDossier.tsx","/angelcare-marketplace/admin/conversion/sessions","SOURCE_LITERAL_ADMIN_LINK","TSX href source","STATIC_ROUTE_EXISTS","Destination page.tsx exists."
"angelcare-marketplace/conversion-universe/components/ConversionSessionDossier.tsx","/angelcare-marketplace/admin/orders","SOURCE_LITERAL_ADMIN_LINK","TSX href source","STATIC_ROUTE_EXISTS","Destination page.tsx exists."
"angelcare-marketplace/conversion-universe/components/ConversionSessionDossier.tsx","/angelcare-marketplace/admin/bookings","SOURCE_LITERAL_ADMIN_LINK","TSX href source","STATIC_ROUTE_EXISTS","Destination page.tsx exists."
"angelcare-marketplace/conversion-universe/components/ConversionSessionDossier.tsx","/angelcare-marketplace/admin/commercial/quotes","SOURCE_LITERAL_ADMIN_LINK","TSX href source","STATIC_ROUTE_EXISTS","Destination page.tsx exists."
"angelcare-marketplace/conversion-universe/components/ConversionSessionDossier.tsx","/angelcare-marketplace/admin/payments","SOURCE_LITERAL_ADMIN_LINK","TSX href source","STATIC_ROUTE_EXISTS","Destination page.tsx exists."
"angelcare-marketplace/customer-commerce/components/AdminWalletCommand.tsx","/angelcare-marketplace/admin/wallet/policies","SOURCE_LITERAL_ADMIN_LINK","TSX href source","STATIC_ROUTE_EXISTS","Destination page.tsx exists."
"angelcare-marketplace/customer-commerce/components/AdminWalletCommand.tsx","/angelcare-marketplace/admin/wallet/customers","SOURCE_LITERAL_ADMIN_LINK","TSX href source","STATIC_ROUTE_EXISTS","Destination page.tsx exists."
"angelcare-marketplace/customer-commerce/components/AdminWalletCommand.tsx","/angelcare-marketplace/admin/orders","SOURCE_LITERAL_ADMIN_LINK","TSX href source","STATIC_ROUTE_EXISTS","Destination page.tsx exists."
"angelcare-marketplace/customer-commerce/components/EnterpriseOrderCommand.tsx","/angelcare-marketplace/admin/bookings","SOURCE_LITERAL_ADMIN_LINK","TSX href source","STATIC_ROUTE_EXISTS","Destination page.tsx exists."
"angelcare-marketplace/customer-commerce/components/EnterpriseOrderCommand.tsx","/angelcare-marketplace/admin/orders/new","SOURCE_LITERAL_ADMIN_LINK","TSX href source","STATIC_ROUTE_EXISTS","Destination page.tsx exists."
"angelcare-marketplace/customer-commerce/components/EnterpriseOrderCommand.tsx","/angelcare-marketplace/admin/commercial/quotes","SOURCE_LITERAL_ADMIN_LINK","TSX href source","STATIC_ROUTE_EXISTS","Destination page.tsx exists."
"angelcare-marketplace/customer-commerce/components/EnterpriseOrderCommand.tsx","/angelcare-marketplace/admin/subscriptions","SOURCE_LITERAL_ADMIN_LINK","TSX href source","STATIC_ROUTE_EXISTS","Destination page.tsx exists."
"angelcare-marketplace/customer-commerce/components/EnterpriseOrderCommand.tsx","/angelcare-marketplace/admin/conversion","SOURCE_LITERAL_ADMIN_LINK","TSX href source","STATIC_ROUTE_EXISTS","Destination page.tsx exists."
"angelcare-marketplace/customer-relationship-command/components/CustomerApprovedWorkspaces.tsx","/angelcare-marketplace/admin/customers","SOURCE_LITERAL_ADMIN_LINK","TSX href source","STATIC_ROUTE_EXISTS","Destination page.tsx exists."
"angelcare-marketplace/customer-relationship-command/components/CustomerApprovedWorkspaces.tsx","/angelcare-marketplace/admin/customers/segments","SOURCE_LITERAL_ADMIN_LINK","TSX href source","STATIC_ROUTE_EXISTS","Destination page.tsx exists."
"angelcare-marketplace/customer-relationship-command/components/CustomerApprovedWorkspaces.tsx","/angelcare-marketplace/admin/promotions","SOURCE_LITERAL_ADMIN_LINK","TSX href source","STATIC_ROUTE_EXISTS","Destination page.tsx exists."
"angelcare-marketplace/customer-relationship-command/components/CustomerCasesWorkspace.tsx","/angelcare-marketplace/admin/customers","SOURCE_LITERAL_ADMIN_LINK","TSX href source","STATIC_ROUTE_EXISTS","Destination page.tsx exists."
"angelcare-marketplace/customer-relationship-command/components/CustomerCasesWorkspace.tsx","/angelcare-marketplace/admin/customers/health","SOURCE_LITERAL_ADMIN_LINK","TSX href source","STATIC_ROUTE_EXISTS","Destination page.tsx exists."
"angelcare-marketplace/customer-relationship-command/components/CustomerRegistryWorkspace.tsx","/angelcare-marketplace/admin/customers/segments","SOURCE_LITERAL_ADMIN_LINK","TSX href source","STATIC_ROUTE_EXISTS","Destination page.tsx exists."
"angelcare-marketplace/customer-relationship-command/components/CustomerRegistryWorkspace.tsx","/angelcare-marketplace/admin/customers/support","SOURCE_LITERAL_ADMIN_LINK","TSX href source","STATIC_ROUTE_EXISTS","Destination page.tsx exists."
"angelcare-marketplace/customer-relationship-command/components/CustomerRegistryWorkspace.tsx","/angelcare-marketplace/admin/customers/new","SOURCE_LITERAL_ADMIN_LINK","TSX href source","STATIC_ROUTE_EXISTS","Destination page.tsx exists."
"angelcare-marketplace/customer-relationship-command/components/CustomerRegistryWorkspace.tsx","/angelcare-marketplace/admin/customers/health","SOURCE_LITERAL_ADMIN_LINK","TSX href source","STATIC_ROUTE_EXISTS","Destination page.tsx exists."
"angelcare-marketplace/customer-relationship-command/components/CustomerRelationshipCommandCenter.tsx","/angelcare-marketplace/admin/customers-revenue/customers","SOURCE_LITERAL_ADMIN_LINK","TSX href source","STATIC_ROUTE_EXISTS","Destination page.tsx exists."
"angelcare-marketplace/customer-relationship-command/components/CustomerRelationshipCommandCenter.tsx","/angelcare-marketplace/admin/customers-revenue/segments","SOURCE_LITERAL_ADMIN_LINK","TSX href source","STATIC_ROUTE_EXISTS","Destination page.tsx exists."
"angelcare-marketplace/customer-relationship-command/components/CustomerRelationshipCommandCenter.tsx","/angelcare-marketplace/admin/customers-revenue/cases","SOURCE_LITERAL_ADMIN_LINK","TSX href source","STATIC_ROUTE_EXISTS","Destination page.tsx exists."
"angelcare-marketplace/customer-relationship-command/components/CustomerRelationshipCommandCenter.tsx","/angelcare-marketplace/admin/customers-revenue/crm","SOURCE_LITERAL_ADMIN_LINK","TSX href source","STATIC_ROUTE_EXISTS","Destination page.tsx exists."
"angelcare-marketplace/customer-relationship-command/components/CustomerRelationshipCommandCenter.tsx","/angelcare-marketplace/admin/customers-revenue/families","SOURCE_LITERAL_ADMIN_LINK","TSX href source","STATIC_ROUTE_EXISTS","Destination page.tsx exists."
"angelcare-marketplace/customer-relationship-command/components/CustomerRelationshipShell.tsx","/angelcare-marketplace/admin/customers-revenue","SOURCE_LITERAL_ADMIN_LINK","TSX href source","STATIC_ROUTE_EXISTS","Destination page.tsx exists."
"angelcare-marketplace/customer-relationship-command/components/CustomerRelationshipShell.tsx","/angelcare-marketplace/admin/customers-revenue/customers","SOURCE_LITERAL_ADMIN_LINK","TSX href source","STATIC_ROUTE_EXISTS","Destination page.tsx exists."
"angelcare-marketplace/customer-relationship-command/components/CustomerRelationshipShell.tsx","/angelcare-marketplace/admin/customers-revenue/families","SOURCE_LITERAL_ADMIN_LINK","TSX href source","STATIC_ROUTE_EXISTS","Destination page.tsx exists."
"angelcare-marketplace/customer-relationship-command/components/CustomerRelationshipShell.tsx","/angelcare-marketplace/admin/customers-revenue/crm","SOURCE_LITERAL_ADMIN_LINK","TSX href source","STATIC_ROUTE_EXISTS","Destination page.tsx exists."
"angelcare-marketplace/customer-relationship-command/components/CustomerRelationshipShell.tsx","/angelcare-marketplace/admin/customers-revenue/segments","SOURCE_LITERAL_ADMIN_LINK","TSX href source","STATIC_ROUTE_EXISTS","Destination page.tsx exists."
"angelcare-marketplace/customer-relationship-command/components/CustomerRelationshipShell.tsx","/angelcare-marketplace/admin/customers-revenue/cases","SOURCE_LITERAL_ADMIN_LINK","TSX href source","STATIC_ROUTE_EXISTS","Destination page.tsx exists."
"angelcare-marketplace/customer-relationship-command/components/CustomerRelationshipShell.tsx","/angelcare-marketplace/admin/customers-revenue/activity","SOURCE_LITERAL_ADMIN_LINK","TSX href source","STATIC_ROUTE_EXISTS","Destination page.tsx exists."
"angelcare-marketplace/customer-relationship-command/components/CustomerRelationshipShell.tsx","/angelcare-marketplace/admin/search","SOURCE_LITERAL_ADMIN_LINK","TSX href source","STATIC_ROUTE_EXISTS","Destination page.tsx exists."
"angelcare-marketplace/customer-relationship-command/components/CustomerRelationshipShell.tsx","/angelcare-marketplace/admin/my-workspace","SOURCE_LITERAL_ADMIN_LINK","TSX href source","STATIC_ROUTE_EXISTS","Destination page.tsx exists."
"angelcare-marketplace/customer-relationship-command/components/SegmentIntelligenceWorkspace.tsx","/angelcare-marketplace/admin/customers","SOURCE_LITERAL_ADMIN_LINK","TSX href source","STATIC_ROUTE_EXISTS","Destination page.tsx exists."
"angelcare-marketplace/customer-relationship-command/components/SegmentIntelligenceWorkspace.tsx","/angelcare-marketplace/admin/promotions","SOURCE_LITERAL_ADMIN_LINK","TSX href source","STATIC_ROUTE_EXISTS","Destination page.tsx exists."
"angelcare-marketplace/development-engine/components/DevelopmentCommand.tsx","/angelcare-marketplace/admin/development/activities","SOURCE_LITERAL_ADMIN_LINK","TSX href source","STATIC_ROUTE_EXISTS","Destination page.tsx exists."
"angelcare-marketplace/enterprise-closure/components/BookingCommand.tsx","/angelcare-marketplace/admin/orders","SOURCE_LITERAL_ADMIN_LINK","TSX href source","STATIC_ROUTE_EXISTS","Destination page.tsx exists."
"angelcare-marketplace/enterprise-closure/components/SubscriptionCommand.tsx","/angelcare-marketplace/admin/orders","SOURCE_LITERAL_ADMIN_LINK","TSX href source","STATIC_ROUTE_EXISTS","Destination page.tsx exists."
"angelcare-marketplace/enterprise-closure/components/SubscriptionCommand.tsx","/angelcare-marketplace/admin/finance-monetization/subscriptions","SOURCE_LITERAL_ADMIN_LINK","TSX href source","STATIC_ROUTE_EXISTS","Destination page.tsx exists."
"angelcare-marketplace/enterprise-command/components/BulkOperationsCenter.tsx","/angelcare-marketplace/admin/catalog/import","SOURCE_LITERAL_ADMIN_LINK","TSX href source","STATIC_ROUTE_EXISTS","Destination page.tsx exists."
"angelcare-marketplace/enterprise-command/components/BulkOperationsCenter.tsx","/angelcare-marketplace/admin/commerce-studio/import-export","SOURCE_LITERAL_ADMIN_LINK","TSX href source","STATIC_ROUTE_EXISTS","Destination page.tsx exists."
"angelcare-marketplace/enterprise-command/components/BulkOperationsCenter.tsx","/angelcare-marketplace/admin/localization/imports","SOURCE_LITERAL_ADMIN_LINK","TSX href source","STATIC_ROUTE_EXISTS","Destination page.tsx exists."
"angelcare-marketplace/enterprise-command/components/BulkOperationsCenter.tsx","/angelcare-marketplace/admin/category-native/imports","SOURCE_LITERAL_ADMIN_LINK","TSX href source","STATIC_ROUTE_EXISTS","Destination page.tsx exists."
"angelcare-marketplace/enterprise-command/components/CommandDrawerSystem.tsx","/angelcare-marketplace/admin/operations/mission-control","SOURCE_LITERAL_ADMIN_LINK","TSX href source","STATIC_ROUTE_EXISTS","Destination page.tsx exists."
"angelcare-marketplace/enterprise-command/components/CommandDrawerSystem.tsx","/angelcare-marketplace/admin/live-map","SOURCE_LITERAL_ADMIN_LINK","TSX href source","STATIC_ROUTE_EXISTS","Destination page.tsx exists."
"angelcare-marketplace/enterprise-command/components/CommandDrawerSystem.tsx","/angelcare-marketplace/admin/providers","SOURCE_LITERAL_ADMIN_LINK","TSX href source","STATIC_ROUTE_EXISTS","Destination page.tsx exists."
"angelcare-marketplace/enterprise-command/components/CommandDrawerSystem.tsx","/angelcare-marketplace/admin/orders","SOURCE_LITERAL_ADMIN_LINK","TSX href source","STATIC_ROUTE_EXISTS","Destination page.tsx exists."
"angelcare-marketplace/enterprise-command/components/CommandDrawerSystem.tsx","/angelcare-marketplace/admin/payments","SOURCE_LITERAL_ADMIN_LINK","TSX href source","STATIC_ROUTE_EXISTS","Destination page.tsx exists."
"angelcare-marketplace/enterprise-command/components/CustomerMegaDossier.tsx","/angelcare-marketplace/admin/documents","SOURCE_LITERAL_ADMIN_LINK","TSX href source","STATIC_ROUTE_EXISTS","Destination page.tsx exists."
"angelcare-marketplace/enterprise-command/components/MarketplaceCommandCenter.tsx","/angelcare-marketplace/admin/my-workspace","SOURCE_LITERAL_ADMIN_LINK","TSX href source","STATIC_ROUTE_EXISTS","Destination page.tsx exists."
"angelcare-marketplace/enterprise-command/components/MarketplaceCommandCenter.tsx","/angelcare-marketplace/admin/live-map","SOURCE_LITERAL_ADMIN_LINK","TSX href source","STATIC_ROUTE_EXISTS","Destination page.tsx exists."
"angelcare-marketplace/enterprise-command/components/MarketplaceCommandCenter.tsx","/angelcare-marketplace/admin/business-pulse","SOURCE_LITERAL_ADMIN_LINK","TSX href source","STATIC_ROUTE_EXISTS","Destination page.tsx exists."
"angelcare-marketplace/enterprise-command/components/OrderMegaCommand.tsx","/angelcare-marketplace/admin/orders","SOURCE_LITERAL_ADMIN_LINK","TSX href source","STATIC_ROUTE_EXISTS","Destination page.tsx exists."
"angelcare-marketplace/enterprise-command/components/OrderMegaCommand.tsx","/angelcare-marketplace/admin/documents","SOURCE_LITERAL_ADMIN_LINK","TSX href source","STATIC_ROUTE_EXISTS","Destination page.tsx exists."
"angelcare-marketplace/enterprise-command/components/PaymentMegaCommand.tsx","/angelcare-marketplace/admin/payments","SOURCE_LITERAL_ADMIN_LINK","TSX href source","STATIC_ROUTE_EXISTS","Destination page.tsx exists."
"angelcare-marketplace/executive-control-center/components/ExecutiveControlShell.tsx","/angelcare-marketplace/admin/launch","SOURCE_LITERAL_ADMIN_LINK","TSX href source","STATIC_ROUTE_EXISTS","Destination page.tsx exists."
"angelcare-marketplace/executive-control-center/components/ExecutiveControlShell.tsx","/angelcare-marketplace/admin/qa","SOURCE_LITERAL_ADMIN_LINK","TSX href source","STATIC_ROUTE_EXISTS","Destination page.tsx exists."
"angelcare-marketplace/experience-builder/components/ExperienceCommand.tsx","/angelcare-marketplace/admin/experience/pages","SOURCE_LITERAL_ADMIN_LINK","TSX href source","STATIC_ROUTE_EXISTS","Destination page.tsx exists."
"angelcare-marketplace/experience-builder/components/ExperienceCommand.tsx","/angelcare-marketplace/admin/experience/block-library","SOURCE_LITERAL_ADMIN_LINK","TSX href source","STATIC_ROUTE_EXISTS","Destination page.tsx exists."
"angelcare-marketplace/experience-builder/components/ExperienceCommand.tsx","/angelcare-marketplace/admin/experience/menus","SOURCE_LITERAL_ADMIN_LINK","TSX href source","STATIC_ROUTE_EXISTS","Destination page.tsx exists."
"angelcare-marketplace/experience-builder/components/ExperienceCommand.tsx","/angelcare-marketplace/admin/experience/ctas","SOURCE_LITERAL_ADMIN_LINK","TSX href source","STATIC_ROUTE_EXISTS","Destination page.tsx exists."
"angelcare-marketplace/experience-builder/components/ExperienceCommand.tsx","/angelcare-marketplace/admin/experience/publishing","SOURCE_LITERAL_ADMIN_LINK","TSX href source","STATIC_ROUTE_EXISTS","Destination page.tsx exists."
"angelcare-marketplace/experience-builder/components/PageDossierClient.tsx","/angelcare-marketplace/admin/localization/inventory","SOURCE_LITERAL_ADMIN_LINK","TSX href source","STATIC_ROUTE_EXISTS","Destination page.tsx exists."
"angelcare-marketplace/experience-builder/components/PageDossierClient.tsx","/angelcare-marketplace/admin/media","SOURCE_LITERAL_ADMIN_LINK","TSX href source","STATIC_ROUTE_EXISTS","Destination page.tsx exists."
"angelcare-marketplace/experience-builder/components/PageDossierClient.tsx","/angelcare-marketplace/admin/publication","SOURCE_LITERAL_ADMIN_LINK","TSX href source","STATIC_ROUTE_EXISTS","Destination page.tsx exists."
"angelcare-marketplace/experience-builder/components/PageRegistry.tsx","/angelcare-marketplace/admin/experience/pages/new","SOURCE_LITERAL_ADMIN_LINK","TSX href source","STATIC_ROUTE_EXISTS","Destination page.tsx exists."
"angelcare-marketplace/family-experience/components/AdminFamilyCommand.tsx","/angelcare-marketplace/admin/customers","SOURCE_LITERAL_ADMIN_LINK","TSX href source","STATIC_ROUTE_EXISTS","Destination page.tsx exists."
"angelcare-marketplace/features/admin/FoundationCockpit.tsx","/angelcare-marketplace/admin/readiness","SOURCE_LITERAL_ADMIN_LINK","TSX href source","STATIC_ROUTE_EXISTS","Destination page.tsx exists."
"angelcare-marketplace/features/admin/FoundationCockpit.tsx","/angelcare-marketplace/admin/security-audit","SOURCE_LITERAL_ADMIN_LINK","TSX href source","STATIC_ROUTE_EXISTS","Destination page.tsx exists."
"angelcare-marketplace/features/admin/FoundationCockpit.tsx","/angelcare-marketplace/admin/modules","SOURCE_LITERAL_ADMIN_LINK","TSX href source","STATIC_ROUTE_EXISTS","Destination page.tsx exists."
"angelcare-marketplace/features/admin/FoundationGallery.tsx","/angelcare-marketplace/admin/foundation-ui","SOURCE_LITERAL_ADMIN_LINK","TSX href source","STATIC_ROUTE_EXISTS","Destination page.tsx exists."
"angelcare-marketplace/features/public/PublicHome.tsx","/angelcare-marketplace/admin/readiness","SOURCE_LITERAL_ADMIN_LINK","TSX href source","STATIC_ROUTE_EXISTS","Destination page.tsx exists."
"angelcare-marketplace/features/workspace/WorkspaceHome.tsx","/angelcare-marketplace/admin","SOURCE_LITERAL_ADMIN_LINK","TSX href source","STATIC_ROUTE_EXISTS","Destination page.tsx exists."
"angelcare-marketplace/features/workspace/WorkspaceHome.tsx","/angelcare-marketplace/admin/readiness","SOURCE_LITERAL_ADMIN_LINK","TSX href source","STATIC_ROUTE_EXISTS","Destination page.tsx exists."
"angelcare-marketplace/final-authority/components/ExecutiveIntelligenceCockpit.tsx","/angelcare-marketplace/admin/launch/gates","SOURCE_LITERAL_ADMIN_LINK","TSX href source","STATIC_ROUTE_EXISTS","Destination page.tsx exists."
"angelcare-marketplace/final-authority/components/ExecutiveIntelligenceCockpit.tsx","/angelcare-marketplace/admin/qa/defects","SOURCE_LITERAL_ADMIN_LINK","TSX href source","STATIC_ROUTE_EXISTS","Destination page.tsx exists."
"angelcare-marketplace/final-authority/components/ExecutiveIntelligenceCockpit.tsx","/angelcare-marketplace/admin/intelligence/executive","SOURCE_LITERAL_ADMIN_LINK","TSX href source","STATIC_ROUTE_EXISTS","Destination page.tsx exists."
"angelcare-marketplace/final-authority/components/ExecutiveIntelligenceCockpit.tsx","/angelcare-marketplace/admin/growth/opportunities","SOURCE_LITERAL_ADMIN_LINK","TSX href source","STATIC_ROUTE_EXISTS","Destination page.tsx exists."
"angelcare-marketplace/final-vertical/components/DomainPrimitives.tsx","/angelcare-marketplace/admin/action-center","SOURCE_LITERAL_ADMIN_LINK","TSX href source","STATIC_ROUTE_EXISTS","Destination page.tsx exists."
"angelcare-marketplace/finance-authority/components/FinanceCommand.tsx","/angelcare-marketplace/admin/finance/revenue-streams","SOURCE_LITERAL_ADMIN_LINK","TSX href source","STATIC_ROUTE_EXISTS","Destination page.tsx exists."
"angelcare-marketplace/financial-control-ledger/components/FinanceAreaShell.tsx","/angelcare-marketplace/admin/payments","SOURCE_LITERAL_ADMIN_LINK","TSX href source","STATIC_ROUTE_EXISTS","Destination page.tsx exists."
"angelcare-marketplace/financial-control-ledger/components/FinanceAreaShell.tsx","/angelcare-marketplace/admin/documents","SOURCE_LITERAL_ADMIN_LINK","TSX href source","STATIC_ROUTE_EXISTS","Destination page.tsx exists."
"angelcare-marketplace/financial-control-ledger/components/FinanceControlLedger.tsx","/angelcare-marketplace/admin/finance/revenue-streams","SOURCE_LITERAL_ADMIN_LINK","TSX href source","STATIC_ROUTE_EXISTS","Destination page.tsx exists."
"angelcare-marketplace/financial-control-ledger/components/FinanceControlLedger.tsx","/angelcare-marketplace/admin/payments","SOURCE_LITERAL_ADMIN_LINK","TSX href source","STATIC_ROUTE_EXISTS","Destination page.tsx exists."
"angelcare-marketplace/financial-control-ledger/components/FinanceControlLedger.tsx","/angelcare-marketplace/admin/wallet","SOURCE_LITERAL_ADMIN_LINK","TSX href source","STATIC_ROUTE_EXISTS","Destination page.tsx exists."
"angelcare-marketplace/financial-control-ledger/components/FinanceDrawers.tsx","/angelcare-marketplace/admin/finance/receipts","SOURCE_LITERAL_ADMIN_LINK","TSX href source","STATIC_ROUTE_EXISTS","Destination page.tsx exists."
"angelcare-marketplace/financial-control-ledger/components/FinanceDrawers.tsx","/angelcare-marketplace/admin/documents","SOURCE_LITERAL_ADMIN_LINK","TSX href source","STATIC_ROUTE_EXISTS","Destination page.tsx exists."
"angelcare-marketplace/financial-control-ledger/components/FinanceDrawers.tsx","/angelcare-marketplace/admin/finance/reconciliation","SOURCE_LITERAL_ADMIN_LINK","TSX href source","STATIC_ROUTE_EXISTS","Destination page.tsx exists."
"angelcare-marketplace/footer-studio/components/FooterStudioCommand.tsx","/angelcare-marketplace/admin","SOURCE_LITERAL_ADMIN_LINK","TSX href source","STATIC_ROUTE_EXISTS","Destination page.tsx exists."
"angelcare-marketplace/growth-experience-command/components/GrowthExperienceAreaShell.tsx","/angelcare-marketplace/admin/live-experience-command","SOURCE_LITERAL_ADMIN_LINK","TSX href source","STATIC_ROUTE_EXISTS","Destination page.tsx exists."
"angelcare-marketplace/growth-experience-command/components/GrowthExperienceAreaShell.tsx","/angelcare-marketplace/admin/frontend-experiences","SOURCE_LITERAL_ADMIN_LINK","TSX href source","STATIC_ROUTE_EXISTS","Destination page.tsx exists."
"angelcare-marketplace/journey-control/components/JourneyAdminCommand.tsx","/angelcare-marketplace/admin/journeys/action-center","SOURCE_LITERAL_ADMIN_LINK","TSX href source","STATIC_ROUTE_EXISTS","Destination page.tsx exists."
"angelcare-marketplace/journey-control/components/JourneyAdminCommand.tsx","/angelcare-marketplace/admin/journeys/recovery","SOURCE_LITERAL_ADMIN_LINK","TSX href source","STATIC_ROUTE_EXISTS","Destination page.tsx exists."
"angelcare-marketplace/journey-control/components/JourneyAdminCommand.tsx","/angelcare-marketplace/admin/journeys/analytics","SOURCE_LITERAL_ADMIN_LINK","TSX href source","STATIC_ROUTE_EXISTS","Destination page.tsx exists."
"angelcare-marketplace/journey-control/components/JourneyAdminDetail.tsx","/angelcare-marketplace/admin/journeys","SOURCE_LITERAL_ADMIN_LINK","TSX href source","STATIC_ROUTE_EXISTS","Destination page.tsx exists."
"angelcare-marketplace/live-experience-command/components/LiveExperienceCommand.tsx","/angelcare-marketplace/admin","SOURCE_LITERAL_ADMIN_LINK","TSX href source","STATIC_ROUTE_EXISTS","Destination page.tsx exists."
"angelcare-marketplace/live-experience-command/components/LiveExperienceCommand.tsx","/angelcare-marketplace/admin/live-experience-command/broadcasts","SOURCE_LITERAL_ADMIN_LINK","TSX href source","STATIC_ROUTE_EXISTS","Destination page.tsx exists."
"angelcare-marketplace/localization-intelligence/components/LocalizationCockpit.tsx","/angelcare-marketplace/admin/localization/scanner","SOURCE_LITERAL_ADMIN_LINK","TSX href source","STATIC_ROUTE_EXISTS","Destination page.tsx exists."
"angelcare-marketplace/localization-intelligence/components/LocalizationCockpit.tsx","/angelcare-marketplace/admin/publication","SOURCE_LITERAL_ADMIN_LINK","TSX href source","STATIC_ROUTE_EXISTS","Destination page.tsx exists."
"angelcare-marketplace/localization-intelligence/components/LocalizationCockpit.tsx","/angelcare-marketplace/admin/experience/publishing","SOURCE_LITERAL_ADMIN_LINK","TSX href source","STATIC_ROUTE_EXISTS","Destination page.tsx exists."
"angelcare-marketplace/localization-intelligence/components/LocalizationCockpit.tsx","/angelcare-marketplace/admin/homepage/history","SOURCE_LITERAL_ADMIN_LINK","TSX href source","STATIC_ROUTE_EXISTS","Destination page.tsx exists."
"angelcare-marketplace/marketplace-core/components/MarketplaceCommand.tsx","/angelcare-marketplace/admin/catalog","SOURCE_LITERAL_ADMIN_LINK","TSX href source","STATIC_ROUTE_EXISTS","Destination page.tsx exists."
"angelcare-marketplace/marketplace-core/components/MarketplaceCommand.tsx","/angelcare-marketplace/admin/suppliers","SOURCE_LITERAL_ADMIN_LINK","TSX href source","STATIC_ROUTE_EXISTS","Destination page.tsx exists."
"angelcare-marketplace/marketplace-core/components/MarketplaceCommand.tsx","/angelcare-marketplace/admin/quote-baskets","SOURCE_LITERAL_ADMIN_LINK","TSX href source","STATIC_ROUTE_EXISTS","Destination page.tsx exists."
"angelcare-marketplace/network-capacity-grid/components/NetworkAreaShell.tsx","/angelcare-marketplace/admin/supply-network","SOURCE_LITERAL_ADMIN_LINK","TSX href source","STATIC_ROUTE_EXISTS","Destination page.tsx exists."
"angelcare-marketplace/network-capacity-grid/components/NetworkAreaShell.tsx","/angelcare-marketplace/admin/supply-network/providers","SOURCE_LITERAL_ADMIN_LINK","TSX href source","STATIC_ROUTE_EXISTS","Destination page.tsx exists."
"angelcare-marketplace/network-capacity-grid/components/NetworkAreaShell.tsx","/angelcare-marketplace/admin/supply-network/availability","SOURCE_LITERAL_ADMIN_LINK","TSX href source","STATIC_ROUTE_EXISTS","Destination page.tsx exists."
"angelcare-marketplace/network-capacity-grid/components/NetworkAreaShell.tsx","/angelcare-marketplace/admin/supply-network/capacity","SOURCE_LITERAL_ADMIN_LINK","TSX href source","STATIC_ROUTE_EXISTS","Destination page.tsx exists."
"angelcare-marketplace/network-capacity-grid/components/NetworkAreaShell.tsx","/angelcare-marketplace/admin/supply-network/assignments","SOURCE_LITERAL_ADMIN_LINK","TSX href source","STATIC_ROUTE_EXISTS","Destination page.tsx exists."
"angelcare-marketplace/network-capacity-grid/components/NetworkAreaShell.tsx","/angelcare-marketplace/admin/supply-network/suppliers","SOURCE_LITERAL_ADMIN_LINK","TSX href source","STATIC_ROUTE_EXISTS","Destination page.tsx exists."
"angelcare-marketplace/network-capacity-grid/components/NetworkAreaShell.tsx","/angelcare-marketplace/admin/supply-network/vendors","SOURCE_LITERAL_ADMIN_LINK","TSX href source","STATIC_ROUTE_EXISTS","Destination page.tsx exists."
"angelcare-marketplace/network-capacity-grid/components/NetworkAreaShell.tsx","/angelcare-marketplace/admin/supply-network/partners","SOURCE_LITERAL_ADMIN_LINK","TSX href source","STATIC_ROUTE_EXISTS","Destination page.tsx exists."
"angelcare-marketplace/network-capacity-grid/components/NetworkAreaShell.tsx","/angelcare-marketplace/admin/supply-network/quality","SOURCE_LITERAL_ADMIN_LINK","TSX href source","STATIC_ROUTE_EXISTS","Destination page.tsx exists."
"angelcare-marketplace/network-capacity-grid/components/NetworkAreaShell.tsx","/angelcare-marketplace/admin/providers","SOURCE_LITERAL_ADMIN_LINK","TSX href source","STATIC_ROUTE_EXISTS","Destination page.tsx exists."
"angelcare-marketplace/network-capacity-grid/components/NetworkCapacityGrid.tsx","/angelcare-marketplace/admin/supply-network/assignments","SOURCE_LITERAL_ADMIN_LINK","TSX href source","STATIC_ROUTE_EXISTS","Destination page.tsx exists."
"angelcare-marketplace/network-capacity-grid/components/NetworkCapacityGrid.tsx","/angelcare-marketplace/admin/supply-network/quality","SOURCE_LITERAL_ADMIN_LINK","TSX href source","STATIC_ROUTE_EXISTS","Destination page.tsx exists."
"angelcare-marketplace/network-capacity-grid/components/NetworkCapacityGrid.tsx","/angelcare-marketplace/admin/supply-network/capacity","SOURCE_LITERAL_ADMIN_LINK","TSX href source","STATIC_ROUTE_EXISTS","Destination page.tsx exists."
"angelcare-marketplace/network-capacity-grid/components/NetworkCapacityGrid.tsx","/angelcare-marketplace/admin/suppliers","SOURCE_LITERAL_ADMIN_LINK","TSX href source","STATIC_ROUTE_EXISTS","Destination page.tsx exists."
"angelcare-marketplace/network-capacity-grid/components/NetworkCapacityGrid.tsx","/angelcare-marketplace/admin/vendors","SOURCE_LITERAL_ADMIN_LINK","TSX href source","STATIC_ROUTE_EXISTS","Destination page.tsx exists."
"angelcare-marketplace/network-capacity-grid/components/NetworkCapacityGrid.tsx","/angelcare-marketplace/admin/operations/partner-os","SOURCE_LITERAL_ADMIN_LINK","TSX href source","STATIC_ROUTE_EXISTS","Destination page.tsx exists."
"angelcare-marketplace/network-capacity-grid/components/NetworkCapacityGrid.tsx","/angelcare-marketplace/admin/trust/quality-check-360","SOURCE_LITERAL_ADMIN_LINK","TSX href source","STATIC_ROUTE_EXISTS","Destination page.tsx exists."
"angelcare-marketplace/network-capacity-grid/components/NetworkDrawers.tsx","/angelcare-marketplace/admin/vendors","SOURCE_LITERAL_ADMIN_LINK","TSX href source","STATIC_ROUTE_EXISTS","Destination page.tsx exists."
"angelcare-marketplace/network-capacity-grid/components/NetworkDrawers.tsx","/angelcare-marketplace/admin/trust/quality-check-360","SOURCE_LITERAL_ADMIN_LINK","TSX href source","STATIC_ROUTE_EXISTS","Destination page.tsx exists."
"angelcare-marketplace/network-capacity-grid/components/NetworkDrawers.tsx","/angelcare-marketplace/admin/operations/incidents","SOURCE_LITERAL_ADMIN_LINK","TSX href source","STATIC_ROUTE_EXISTS","Destination page.tsx exists."
"angelcare-marketplace/operations-execution/components/MissionDossier.tsx","/angelcare-marketplace/admin/operations/mission-control","SOURCE_LITERAL_ADMIN_LINK","TSX href source","STATIC_ROUTE_EXISTS","Destination page.tsx exists."
"angelcare-marketplace/operations-execution/components/MissionDossier.tsx","/angelcare-marketplace/admin/operations/dispatch","SOURCE_LITERAL_ADMIN_LINK","TSX href source","STATIC_ROUTE_EXISTS","Destination page.tsx exists."
"angelcare-marketplace/operations-execution/components/MissionDossier.tsx","/angelcare-marketplace/admin/operations/incidents","SOURCE_LITERAL_ADMIN_LINK","TSX href source","STATIC_ROUTE_EXISTS","Destination page.tsx exists."
"angelcare-marketplace/operations-execution/components/MissionDossier.tsx","/angelcare-marketplace/admin/operations/proof","SOURCE_LITERAL_ADMIN_LINK","TSX href source","STATIC_ROUTE_EXISTS","Destination page.tsx exists."
"angelcare-marketplace/operations-execution/components/MissionDossier.tsx","/angelcare-marketplace/admin/operations/closure","SOURCE_LITERAL_ADMIN_LINK","TSX href source","STATIC_ROUTE_EXISTS","Destination page.tsx exists."
"angelcare-marketplace/operations-execution/components/OperationsCommand.tsx","/angelcare-marketplace/admin/operations/dispatch","SOURCE_LITERAL_ADMIN_LINK","TSX href source","STATIC_ROUTE_EXISTS","Destination page.tsx exists."
"angelcare-marketplace/operations-reconciliation/components/CounterpartyCommands.tsx","/angelcare-marketplace/admin/providers/eligibility","SOURCE_LITERAL_ADMIN_LINK","TSX href source","STATIC_ROUTE_EXISTS","Destination page.tsx exists."
"angelcare-marketplace/operations-reconciliation/components/CounterpartyCommands.tsx","/angelcare-marketplace/admin/providers/payable-eligibility","SOURCE_LITERAL_ADMIN_LINK","TSX href source","STATIC_ROUTE_EXISTS","Destination page.tsx exists."
"angelcare-marketplace/operations-reconciliation/components/FulfillmentDossier.tsx","/angelcare-marketplace/admin/operations/fulfillment","SOURCE_LITERAL_ADMIN_LINK","TSX href source","STATIC_ROUTE_EXISTS","Destination page.tsx exists."
"angelcare-marketplace/operations-reconciliation/components/OperationsCommerceCommand.tsx","/angelcare-marketplace/admin/operations/action-center","SOURCE_LITERAL_ADMIN_LINK","TSX href source","STATIC_ROUTE_EXISTS","Destination page.tsx exists."
"angelcare-marketplace/operations-reconciliation/components/OperationsCommerceCommand.tsx","/angelcare-marketplace/admin/operations/live","SOURCE_LITERAL_ADMIN_LINK","TSX href source","STATIC_ROUTE_EXISTS","Destination page.tsx exists."
"angelcare-marketplace/operations-reconciliation/components/OperationsCommerceCommand.tsx","/angelcare-marketplace/admin/operations/analytics","SOURCE_LITERAL_ADMIN_LINK","TSX href source","STATIC_ROUTE_EXISTS","Destination page.tsx exists."
"angelcare-marketplace/operations-reconciliation/components/OperationsCommerceCommand.tsx","/angelcare-marketplace/admin/operations/fulfillment","SOURCE_LITERAL_ADMIN_LINK","TSX href source","STATIC_ROUTE_EXISTS","Destination page.tsx exists."
"angelcare-marketplace/operations-reconciliation/components/OperationsQueuePage.tsx","/angelcare-marketplace/admin/operations","SOURCE_LITERAL_ADMIN_LINK","TSX href source","STATIC_ROUTE_EXISTS","Destination page.tsx exists."
"angelcare-marketplace/production-activation/components/ActivationCommand.tsx","/angelcare-marketplace/admin/catalog/items/new","SOURCE_LITERAL_ADMIN_LINK","TSX href source","STATIC_ROUTE_EXISTS","Destination page.tsx exists."
"angelcare-marketplace/provider-workforce/components/ProviderCommand.tsx","/angelcare-marketplace/admin/providers/eligibility","SOURCE_LITERAL_ADMIN_LINK","TSX href source","STATIC_ROUTE_EXISTS","Destination page.tsx exists."
"angelcare-marketplace/provider-workforce/components/ProviderDossier.tsx","/angelcare-marketplace/admin/providers/documents","SOURCE_LITERAL_ADMIN_LINK","TSX href source","STATIC_ROUTE_EXISTS","Destination page.tsx exists."
"angelcare-marketplace/provider-workforce/components/ProviderDossier.tsx","/angelcare-marketplace/admin/providers/availability","SOURCE_LITERAL_ADMIN_LINK","TSX href source","STATIC_ROUTE_EXISTS","Destination page.tsx exists."
"angelcare-marketplace/provider-workforce/components/ProviderDossier.tsx","/angelcare-marketplace/admin/supply-network/assignments","SOURCE_LITERAL_ADMIN_LINK","TSX href source","STATIC_ROUTE_EXISTS","Destination page.tsx exists."
"angelcare-marketplace/provider-workforce/components/ProviderDossier.tsx","/angelcare-marketplace/admin/providers/payable-eligibility","SOURCE_LITERAL_ADMIN_LINK","TSX href source","STATIC_ROUTE_EXISTS","Destination page.tsx exists."
"angelcare-marketplace/provider-workforce/components/ProviderDossier.tsx","/angelcare-marketplace/admin/providers/performance","SOURCE_LITERAL_ADMIN_LINK","TSX href source","STATIC_ROUTE_EXISTS","Destination page.tsx exists."
"angelcare-marketplace/shells/AdminNavigation.tsx","/angelcare-marketplace/admin","SOURCE_LITERAL_ADMIN_LINK","TSX href source","STATIC_ROUTE_EXISTS","Destination page.tsx exists."
"angelcare-marketplace/shells/AdminNavigation.tsx","/angelcare-marketplace/admin/orders","SOURCE_LITERAL_ADMIN_LINK","TSX href source","STATIC_ROUTE_EXISTS","Destination page.tsx exists."
"angelcare-marketplace/shells/AdminNavigation.tsx","/angelcare-marketplace/admin/catalog/items","SOURCE_LITERAL_ADMIN_LINK","TSX href source","STATIC_ROUTE_EXISTS","Destination page.tsx exists."
"angelcare-marketplace/shells/AdminNavigation.tsx","/angelcare-marketplace/admin/catalog/categories","SOURCE_LITERAL_ADMIN_LINK","TSX href source","STATIC_ROUTE_EXISTS","Destination page.tsx exists."
"angelcare-marketplace/shells/AdminNavigation.tsx","/angelcare-marketplace/admin/customers","SOURCE_LITERAL_ADMIN_LINK","TSX href source","STATIC_ROUTE_EXISTS","Destination page.tsx exists."
"angelcare-marketplace/shells/AdminNavigation.tsx","/angelcare-marketplace/admin/boutique","SOURCE_LITERAL_ADMIN_LINK","TSX href source","STATIC_ROUTE_EXISTS","Destination page.tsx exists."
"angelcare-marketplace/shells/AdminNavigation.tsx","/angelcare-marketplace/admin/promotions","SOURCE_LITERAL_ADMIN_LINK","TSX href source","STATIC_ROUTE_EXISTS","Destination page.tsx exists."
"angelcare-marketplace/shells/AdminNavigation.tsx","/angelcare-marketplace/admin/operations","SOURCE_LITERAL_ADMIN_LINK","TSX href source","STATIC_ROUTE_EXISTS","Destination page.tsx exists."
"angelcare-marketplace/shells/AdminNavigation.tsx","/angelcare-marketplace/admin/supply-network","SOURCE_LITERAL_ADMIN_LINK","TSX href source","STATIC_ROUTE_EXISTS","Destination page.tsx exists."
"angelcare-marketplace/shells/AdminNavigation.tsx","/angelcare-marketplace/admin/academy","SOURCE_LITERAL_ADMIN_LINK","TSX href source","STATIC_ROUTE_EXISTS","Destination page.tsx exists."
"angelcare-marketplace/shells/AdminNavigation.tsx","/angelcare-marketplace/admin/verticals","SOURCE_LITERAL_ADMIN_LINK","TSX href source","STATIC_ROUTE_EXISTS","Destination page.tsx exists."
"angelcare-marketplace/shells/AdminNavigation.tsx","/angelcare-marketplace/admin/finance","SOURCE_LITERAL_ADMIN_LINK","TSX href source","STATIC_ROUTE_EXISTS","Destination page.tsx exists."
"angelcare-marketplace/shells/AdminNavigation.tsx","/angelcare-marketplace/admin/trust","SOURCE_LITERAL_ADMIN_LINK","TSX href source","STATIC_ROUTE_EXISTS","Destination page.tsx exists."
"angelcare-marketplace/shells/AdminNavigation.tsx","/angelcare-marketplace/admin/analytics","SOURCE_LITERAL_ADMIN_LINK","TSX href source","STATIC_ROUTE_EXISTS","Destination page.tsx exists."
"angelcare-marketplace/shells/AdminNavigation.tsx","/angelcare-marketplace/admin/configuration","SOURCE_LITERAL_ADMIN_LINK","TSX href source","STATIC_ROUTE_EXISTS","Destination page.tsx exists."
"angelcare-marketplace/shells/WorkspaceShell.tsx","/angelcare-marketplace/admin","SOURCE_LITERAL_ADMIN_LINK","TSX href source","STATIC_ROUTE_EXISTS","Destination page.tsx exists."
"angelcare-marketplace/sovereign-control/components/SovereignCockpit.tsx","/angelcare-marketplace/admin/approvals","SOURCE_LITERAL_ADMIN_LINK","TSX href source","STATIC_ROUTE_EXISTS","Destination page.tsx exists."
"angelcare-marketplace/sovereign-control/components/SovereignCockpit.tsx","/angelcare-marketplace/admin/search","SOURCE_LITERAL_ADMIN_LINK","TSX href source","STATIC_ROUTE_EXISTS","Destination page.tsx exists."
"angelcare-marketplace/territory-os/components/TerritoryCommandCockpit.tsx","/angelcare-marketplace/admin/territories/new","SOURCE_LITERAL_ADMIN_LINK","TSX href source","STATIC_ROUTE_EXISTS","Destination page.tsx exists."
"angelcare-marketplace/territory-os/components/TerritoryCommandCockpit.tsx","/angelcare-marketplace/admin/territories/clone","SOURCE_LITERAL_ADMIN_LINK","TSX href source","STATIC_ROUTE_EXISTS","Destination page.tsx exists."
"angelcare-marketplace/territory-os/components/TerritoryCommandCockpit.tsx","/angelcare-marketplace/admin/territories/registry","SOURCE_LITERAL_ADMIN_LINK","TSX href source","STATIC_ROUTE_EXISTS","Destination page.tsx exists."
"angelcare-marketplace/total-commerce-control/components/CustomerCommerceDossier.tsx","/angelcare-marketplace/admin/conversion/baskets","SOURCE_LITERAL_ADMIN_LINK","TSX href source","STATIC_ROUTE_EXISTS","Destination page.tsx exists."
"angelcare-marketplace/total-commerce-control/components/FrontendControlCommand.tsx","/angelcare-marketplace/admin/experience/pages/new","SOURCE_LITERAL_ADMIN_LINK","TSX href source","STATIC_ROUTE_EXISTS","Destination page.tsx exists."
"angelcare-marketplace/total-commerce-control/components/FrontendControlCommand.tsx","/angelcare-marketplace/admin/media","SOURCE_LITERAL_ADMIN_LINK","TSX href source","STATIC_ROUTE_EXISTS","Destination page.tsx exists."
"angelcare-marketplace/total-commerce-control/components/FrontendControlCommand.tsx","/angelcare-marketplace/admin/publication","SOURCE_LITERAL_ADMIN_LINK","TSX href source","STATIC_ROUTE_EXISTS","Destination page.tsx exists."
"angelcare-marketplace/total-commerce-control/components/ProductExcellenceCommand.tsx","/angelcare-marketplace/admin/catalog/items","SOURCE_LITERAL_ADMIN_LINK","TSX href source","STATIC_ROUTE_EXISTS","Destination page.tsx exists."
"angelcare-marketplace/total-commerce-control/components/ProductExcellenceCommand.tsx","/angelcare-marketplace/admin/frontend-experiences/surfaces","SOURCE_LITERAL_ADMIN_LINK","TSX href source","STATIC_ROUTE_EXISTS","Destination page.tsx exists."
"angelcare-marketplace/total-commerce-control/components/ProductExcellenceCommand.tsx","/angelcare-marketplace/admin/orders","SOURCE_LITERAL_ADMIN_LINK","TSX href source","STATIC_ROUTE_EXISTS","Destination page.tsx exists."
"angelcare-marketplace/total-commerce-control/components/ProductExcellenceCommand.tsx","/angelcare-marketplace/admin/customers/commerce","SOURCE_LITERAL_ADMIN_LINK","TSX href source","STATIC_ROUTE_EXISTS","Destination page.tsx exists."
"angelcare-marketplace/transaction-flight-deck/components/TransactionAreaShell.tsx","/angelcare-marketplace/admin/orders/new","SOURCE_LITERAL_ADMIN_LINK","TSX href source","STATIC_ROUTE_EXISTS","Destination page.tsx exists."
"angelcare-marketplace/transaction-flight-deck/components/TransactionAreaShell.tsx","/angelcare-marketplace/admin/search","SOURCE_LITERAL_ADMIN_LINK","TSX href source","STATIC_ROUTE_EXISTS","Destination page.tsx exists."
"angelcare-marketplace/transaction-flight-deck/components/TransactionAreaShell.tsx","/angelcare-marketplace/admin/my-workspace","SOURCE_LITERAL_ADMIN_LINK","TSX href source","STATIC_ROUTE_EXISTS","Destination page.tsx exists."
"angelcare-marketplace/transaction-flight-deck/components/TransactionAreaShell.tsx","/angelcare-marketplace/admin/orders","SOURCE_LITERAL_ADMIN_LINK","TSX href source","STATIC_ROUTE_EXISTS","Destination page.tsx exists."
"angelcare-marketplace/trust-quality/components/TrustCommand.tsx","/angelcare-marketplace/admin/trust/sops","SOURCE_LITERAL_ADMIN_LINK","TSX href source","STATIC_ROUTE_EXISTS","Destination page.tsx exists."
"angelcare-marketplace/trust-quality/components/TrustCommand.tsx","/angelcare-marketplace/admin/trust/quality-check-360","SOURCE_LITERAL_ADMIN_LINK","TSX href source","STATIC_ROUTE_EXISTS","Destination page.tsx exists."
"angelcare-marketplace/trust-quality/components/TrustCommand.tsx","/angelcare-marketplace/admin/trust/complaints","SOURCE_LITERAL_ADMIN_LINK","TSX href source","STATIC_ROUTE_EXISTS","Destination page.tsx exists."
"angelcare-marketplace/trust-quality/components/TrustContextInspectors.tsx","/angelcare-marketplace/admin/trust/evidence","SOURCE_LITERAL_ADMIN_LINK","TSX href source","STATIC_ROUTE_EXISTS","Destination page.tsx exists."
"angelcare-marketplace/trust-quality/components/TrustContextInspectors.tsx","/angelcare-marketplace/admin/trust/badges","SOURCE_LITERAL_ADMIN_LINK","TSX href source","STATIC_ROUTE_EXISTS","Destination page.tsx exists."
"angelcare-marketplace/trust-quality/components/TrustContextInspectors.tsx","/angelcare-marketplace/admin/trust/non-conformities","SOURCE_LITERAL_ADMIN_LINK","TSX href source","STATIC_ROUTE_EXISTS","Destination page.tsx exists."
"angelcare-marketplace/trust-quality/components/TrustContextInspectors.tsx","/angelcare-marketplace/admin/trust/corrective-actions","SOURCE_LITERAL_ADMIN_LINK","TSX href source","STATIC_ROUTE_EXISTS","Destination page.tsx exists."
