"index","route","family","dynamic","redirected","generic_import","classification","runtime_status","file","sha256"
"1","/revenue-command-center/activity-timeline","activity-timeline","false","false","false","STATIC_ACCEPTED","PENDING_AUTHENTICATED_PREVIEW","app/(protected)/revenue-command-center/activity-timeline/page.tsx","9a6b101eb30896c51b65657d6cdaefcc4f0a8bacf009356a0e67027caaacff16"
"2","/revenue-command-center/ai-scoring","ai-scoring","false","false","false","STATIC_ACCEPTED","PENDING_AUTHENTICATED_PREVIEW","app/(protected)/revenue-command-center/ai-scoring/page.tsx","0073df123a1e2468f1745ba24ee8a65e776a41d66f78fe21ad7c949f4caff2a0"
"3","/revenue-command-center/appointments/[id]","appointments","true","false","false","STATIC_ACCEPTED_DYNAMIC_RUNTIME_REQUIRED","PENDING_AUTHENTICATED_PREVIEW","app/(protected)/revenue-command-center/appointments/[id]/page.tsx","5c99b522d0c23421edbc57c0dd7ef7f83d493883b84db725a8f2ac0bb03d4627"
"4","/revenue-command-center/appointments/analytics","appointments","false","false","false","STATIC_ACCEPTED","PENDING_AUTHENTICATED_PREVIEW","app/(protected)/revenue-command-center/appointments/analytics/page.tsx","b174bbd602c7197177553da694db81c70d2b6bb9229e29232c77b7c910ddb8e0"
"5","/revenue-command-center/appointments/briefing/[id]","appointments","true","false","false","STATIC_ACCEPTED_DYNAMIC_RUNTIME_REQUIRED","PENDING_AUTHENTICATED_PREVIEW","app/(protected)/revenue-command-center/appointments/briefing/[id]/page.tsx","ade561248f54abea58608eb6fe26a5163f9fe202372ac3c7b7a0967c6857befa"
"6","/revenue-command-center/appointments/calendar","appointments","false","false","false","STATIC_ACCEPTED","PENDING_AUTHENTICATED_PREVIEW","app/(protected)/revenue-command-center/appointments/calendar/page.tsx","0be02181d9788a6d2ba0a384b80d65a243b713c82bf7d69d40854f1f062b9d5c"
"7","/revenue-command-center/appointments/command","appointments","false","false","false","STATIC_ACCEPTED","PENDING_AUTHENTICATED_PREVIEW","app/(protected)/revenue-command-center/appointments/command/page.tsx","f7696c06148cccb1e6bebaffce3adc70b3fc811432a9f4540b26b9f856511a08"
"8","/revenue-command-center/appointments/control-tower","appointments","false","false","false","STATIC_ACCEPTED","PENDING_AUTHENTICATED_PREVIEW","app/(protected)/revenue-command-center/appointments/control-tower/page.tsx","ec78ffc5042e592ea070e0ff40f4c3c8b0ca30e5eb1c01cfa042e330b555d2ae"
"9","/revenue-command-center/appointments/conversion","appointments","false","false","false","STATIC_ACCEPTED","PENDING_AUTHENTICATED_PREVIEW","app/(protected)/revenue-command-center/appointments/conversion/page.tsx","94112e9bb3f3c7edf7b32921ccbc4e41a4ee31e7cea3a1190e85f8cc47cddcbd"
"10","/revenue-command-center/appointments/dashboard","appointments","false","false","false","STATIC_ACCEPTED","PENDING_AUTHENTICATED_PREVIEW","app/(protected)/revenue-command-center/appointments/dashboard/page.tsx","d2ac24da92ea432da939d657e0041ceedb1909afa004926f0026639413838c4a"
"11","/revenue-command-center/appointments/escalations","appointments","false","false","false","STATIC_ACCEPTED","PENDING_AUTHENTICATED_PREVIEW","app/(protected)/revenue-command-center/appointments/escalations/page.tsx","f022b3219deb01f8934cd31b111b1c97539c14717a8e9c922ad53c6d143572d0"
"12","/revenue-command-center/appointments/executive","appointments","false","false","false","STATIC_ACCEPTED","PENDING_AUTHENTICATED_PREVIEW","app/(protected)/revenue-command-center/appointments/executive/page.tsx","8daca75ff49b83b94b664afcc5c7007dda774f1a159be1f5a07e405fdd3e6213"
"13","/revenue-command-center/appointments/follow-up/[id]","appointments","true","false","false","STATIC_ACCEPTED_DYNAMIC_RUNTIME_REQUIRED","PENDING_AUTHENTICATED_PREVIEW","app/(protected)/revenue-command-center/appointments/follow-up/[id]/page.tsx","58b581b56476ca32b2cb9a692b9296ed0ce75d200627a16884cbf41decd7f3fb"
"14","/revenue-command-center/appointments/high-value","appointments","false","false","false","STATIC_ACCEPTED","PENDING_AUTHENTICATED_PREVIEW","app/(protected)/revenue-command-center/appointments/high-value/page.tsx","5db453c1c8fc82665e8166a079e239e2835ce759493bbd8e0f216dfb2a4864fd"
"15","/revenue-command-center/appointments/live/[id]","appointments","true","false","false","STATIC_ACCEPTED_DYNAMIC_RUNTIME_REQUIRED","PENDING_AUTHENTICATED_PREVIEW","app/(protected)/revenue-command-center/appointments/live/[id]/page.tsx","2a491c4eb9e7c2802a5a8e149c75b2325818d43e055766f189d468b42da13aa7"
"16","/revenue-command-center/appointments/live","appointments","false","false","false","STATIC_ACCEPTED","PENDING_AUTHENTICATED_PREVIEW","app/(protected)/revenue-command-center/appointments/live/page.tsx","559188b1f2d6b1c1217259f302d97c15dd574742133c861bf974aef3bc98ec38"
"17","/revenue-command-center/appointments/new","appointments","false","false","false","STATIC_ACCEPTED","PENDING_AUTHENTICATED_PREVIEW","app/(protected)/revenue-command-center/appointments/new/page.tsx","ba544db19e379670ad6f001cbf315f4873523925f361b3baa78fd9af9f92eadb"
"18","/revenue-command-center/appointments/no-shows","appointments","false","false","false","STATIC_ACCEPTED","PENDING_AUTHENTICATED_PREVIEW","app/(protected)/revenue-command-center/appointments/no-shows/page.tsx","f541bd9072d819601effde0ac57d8d89df253415af7f386cc88d40a5fe8ebc2f"
"19","/revenue-command-center/appointments/outcome/[id]","appointments","true","false","false","STATIC_ACCEPTED_DYNAMIC_RUNTIME_REQUIRED","PENDING_AUTHENTICATED_PREVIEW","app/(protected)/revenue-command-center/appointments/outcome/[id]/page.tsx","7682a92b04bcf006390df6fd441f3f819191ad8ac12057749d994e120a42fc89"
"20","/revenue-command-center/appointments","appointments","false","false","false","STATIC_ACCEPTED","PENDING_AUTHENTICATED_PREVIEW","app/(protected)/revenue-command-center/appointments/page.tsx","b51b959cdccc9f1c1ebbef164e47a14738c334c9971361a946d69d57d051a2fa"
"21","/revenue-command-center/appointments/performance","appointments","false","false","false","STATIC_ACCEPTED","PENDING_AUTHENTICATED_PREVIEW","app/(protected)/revenue-command-center/appointments/performance/page.tsx","81df1ab412665ae8c0c72ce8750aa89288e3c07fc58910b1416924270428d1f7"
"22","/revenue-command-center/appointments/queue","appointments","false","false","false","STATIC_ACCEPTED","PENDING_AUTHENTICATED_PREVIEW","app/(protected)/revenue-command-center/appointments/queue/page.tsx","2eceb6789afee59fbba763f8bb6962faa503e9412bc2a59ac05a354939364db6"
"23","/revenue-command-center/appointments/recovery","appointments","false","false","false","STATIC_ACCEPTED","PENDING_AUTHENTICATED_PREVIEW","app/(protected)/revenue-command-center/appointments/recovery/page.tsx","23157573cb5e3d4c702d41391de3797049fba9d4aff0dce23b3b704dff12215f"
"24","/revenue-command-center/appointments/reschedules","appointments","false","false","false","STATIC_ACCEPTED","PENDING_AUTHENTICATED_PREVIEW","app/(protected)/revenue-command-center/appointments/reschedules/page.tsx","c4c207d2cc79c322873e4110fd03f5c07332033cf1b898fce18b6b668123f6e0"
"25","/revenue-command-center/appointments/risk","appointments","false","false","false","STATIC_ACCEPTED","PENDING_AUTHENTICATED_PREVIEW","app/(protected)/revenue-command-center/appointments/risk/page.tsx","98a13a523d88353101a1906923f9b61eda8a43acdebb2e981653a7443ec79b20"
"26","/revenue-command-center/appointments/schedule","appointments","false","false","false","STATIC_ACCEPTED","PENDING_AUTHENTICATED_PREVIEW","app/(protected)/revenue-command-center/appointments/schedule/page.tsx","03b80616b43dc36bd395e5befab7d5d3e1e54f10d5e84890943683d2dfe1a61f"
"27","/revenue-command-center/automation","automation","false","false","true","STATIC_ACCEPTED","PENDING_AUTHENTICATED_PREVIEW","app/(protected)/revenue-command-center/automation/page.tsx","a3d912c364cf8047c7473120ccea9cf1895d1898c84611d82f30a429af960e73"
"28","/revenue-command-center/b2c-workflow/[id]/care-start","b2c-workflow","true","false","false","STATIC_ACCEPTED_DYNAMIC_RUNTIME_REQUIRED","PENDING_AUTHENTICATED_PREVIEW","app/(protected)/revenue-command-center/b2c-workflow/[id]/care-start/page.tsx","cced67c14d09d6e1646ccd3d9f8a1a1365993a2f1f680e67ed2271f56d83e6bf"
"29","/revenue-command-center/b2c-workflow/[id]/consultation","b2c-workflow","true","false","false","STATIC_ACCEPTED_DYNAMIC_RUNTIME_REQUIRED","PENDING_AUTHENTICATED_PREVIEW","app/(protected)/revenue-command-center/b2c-workflow/[id]/consultation/page.tsx","0dfbf4dfceda5e661a0dcc8d32f771a3a08e7b8cdf21dd31aad8e01b43459a44"
"30","/revenue-command-center/b2c-workflow/[id]/intake","b2c-workflow","true","false","false","STATIC_ACCEPTED_DYNAMIC_RUNTIME_REQUIRED","PENDING_AUTHENTICATED_PREVIEW","app/(protected)/revenue-command-center/b2c-workflow/[id]/intake/page.tsx","1565e84b8cda346515b0449fe2138ab4da4ae4add09e02e79d7131c3d947f198"
"31","/revenue-command-center/b2c-workflow/[id]/matching","b2c-workflow","true","false","false","STATIC_ACCEPTED_DYNAMIC_RUNTIME_REQUIRED","PENDING_AUTHENTICATED_PREVIEW","app/(protected)/revenue-command-center/b2c-workflow/[id]/matching/page.tsx","15602c443d5c1d442c58a6cd8060338dc360c214b2c62409d34ebafa991c5e0b"
"32","/revenue-command-center/b2c-workflow/[id]/onboarding","b2c-workflow","true","false","false","STATIC_ACCEPTED_DYNAMIC_RUNTIME_REQUIRED","PENDING_AUTHENTICATED_PREVIEW","app/(protected)/revenue-command-center/b2c-workflow/[id]/onboarding/page.tsx","5178671253e5d99cf51e180989eaab90ac89a6284525db98f2397d5322061115"
"33","/revenue-command-center/b2c-workflow/[id]","b2c-workflow","true","false","false","STATIC_ACCEPTED_DYNAMIC_RUNTIME_REQUIRED","PENDING_AUTHENTICATED_PREVIEW","app/(protected)/revenue-command-center/b2c-workflow/[id]/page.tsx","84bbebdb40cd491c13ce5416757e96178ec004536f0a9f5f0271213599441399"
"34","/revenue-command-center/b2c-workflow/[id]/qualification","b2c-workflow","true","false","false","STATIC_ACCEPTED_DYNAMIC_RUNTIME_REQUIRED","PENDING_AUTHENTICATED_PREVIEW","app/(protected)/revenue-command-center/b2c-workflow/[id]/qualification/page.tsx","8e90409e4eed558cae13ca7fea6a4d5c1c3864c864e3cd9bccf5e3fa5ad7e7b1"
"35","/revenue-command-center/b2c-workflow/[id]/quote","b2c-workflow","true","false","false","STATIC_ACCEPTED_DYNAMIC_RUNTIME_REQUIRED","PENDING_AUTHENTICATED_PREVIEW","app/(protected)/revenue-command-center/b2c-workflow/[id]/quote/page.tsx","50f26cfd966166c9b57ab04f928c05c0bc646f35791c9f21edd6245abccb1831"
"36","/revenue-command-center/b2c-workflow/[id]/recovery","b2c-workflow","true","false","false","STATIC_ACCEPTED_DYNAMIC_RUNTIME_REQUIRED","PENDING_AUTHENTICATED_PREVIEW","app/(protected)/revenue-command-center/b2c-workflow/[id]/recovery/page.tsx","0470c560f3806334e957a58875a33ad43b877ea8d921c38b8302e801d8802d87"
"37","/revenue-command-center/b2c-workflow/active-clients","b2c-workflow","false","false","false","STATIC_ACCEPTED","PENDING_AUTHENTICATED_PREVIEW","app/(protected)/revenue-command-center/b2c-workflow/active-clients/page.tsx","a1705c734a853c0bcddbae60989ecd801ae60a31f8130fd537c5c1900b2bc485"
"38","/revenue-command-center/b2c-workflow/analytics","b2c-workflow","false","false","false","STATIC_ACCEPTED","PENDING_AUTHENTICATED_PREVIEW","app/(protected)/revenue-command-center/b2c-workflow/analytics/page.tsx","fd85a73982e22065e737d68f51b5151dbc17c4717a824b1763a3ca7e9d1935f1"
"39","/revenue-command-center/b2c-workflow/care-start","b2c-workflow","false","false","false","STATIC_ACCEPTED","PENDING_AUTHENTICATED_PREVIEW","app/(protected)/revenue-command-center/b2c-workflow/care-start/page.tsx","5c589c3ba0f0d8666e36462e526536372da02534d81e48811da87bd8b8819147"
"40","/revenue-command-center/b2c-workflow/consultation","b2c-workflow","false","false","false","STATIC_ACCEPTED","PENDING_AUTHENTICATED_PREVIEW","app/(protected)/revenue-command-center/b2c-workflow/consultation/page.tsx","6c28b6ee73dd7f0a04a66c2f0ffa6f430a58f87206f0aa57cde5318014e16963"
"41","/revenue-command-center/b2c-workflow/executive","b2c-workflow","false","false","false","STATIC_ACCEPTED","PENDING_AUTHENTICATED_PREVIEW","app/(protected)/revenue-command-center/b2c-workflow/executive/page.tsx","04b0e290e83f24588e4c7830dd4e7a8e191f51d7d7d5f5d72fda2f60899e4a47"
"42","/revenue-command-center/b2c-workflow/high-value","b2c-workflow","false","false","false","STATIC_ACCEPTED","PENDING_AUTHENTICATED_PREVIEW","app/(protected)/revenue-command-center/b2c-workflow/high-value/page.tsx","e18c75f16665644b156961e534e493d4a2d10ccd32517e0b87bbc429da69eebf"
"43","/revenue-command-center/b2c-workflow/intake","b2c-workflow","false","false","false","STATIC_ACCEPTED","PENDING_AUTHENTICATED_PREVIEW","app/(protected)/revenue-command-center/b2c-workflow/intake/page.tsx","a980928b2a60eba3e8d6af0ad941f25214005f92c7a6bace5379694e05a4b100"
"44","/revenue-command-center/b2c-workflow/matching","b2c-workflow","false","false","false","STATIC_ACCEPTED","PENDING_AUTHENTICATED_PREVIEW","app/(protected)/revenue-command-center/b2c-workflow/matching/page.tsx","11078bbb36ad5b2a63dc981a9eed9c056d3696da4be9b52e16d06a7ac3da5315"
"45","/revenue-command-center/b2c-workflow/new","b2c-workflow","false","false","false","STATIC_ACCEPTED","PENDING_AUTHENTICATED_PREVIEW","app/(protected)/revenue-command-center/b2c-workflow/new/page.tsx","f53e5bf3817c0caf0157ea4eff875f404d638f6c2ddf13691fa46d2631ddcf06"
"46","/revenue-command-center/b2c-workflow/onboarding","b2c-workflow","false","false","false","STATIC_ACCEPTED","PENDING_AUTHENTICATED_PREVIEW","app/(protected)/revenue-command-center/b2c-workflow/onboarding/page.tsx","99188e853baa5f3f679137a21ef6f0db8905f7a425581c2e496cdfc893929559"
"47","/revenue-command-center/b2c-workflow","b2c-workflow","false","false","false","STATIC_ACCEPTED","PENDING_AUTHENTICATED_PREVIEW","app/(protected)/revenue-command-center/b2c-workflow/page.tsx","546f6f17f14be77284be481083a09cafb55bd313c62c3280a6d12bfa0aff8a8c"
"48","/revenue-command-center/b2c-workflow/pipeline","b2c-workflow","false","false","false","STATIC_ACCEPTED","PENDING_AUTHENTICATED_PREVIEW","app/(protected)/revenue-command-center/b2c-workflow/pipeline/page.tsx","0e61863c218a626ff8a7dd417d3852cafcc42fe9b0708191f55ac85b38b2a32d"
"49","/revenue-command-center/b2c-workflow/qualification","b2c-workflow","false","false","false","STATIC_ACCEPTED","PENDING_AUTHENTICATED_PREVIEW","app/(protected)/revenue-command-center/b2c-workflow/qualification/page.tsx","680256c0ff1a4b73fbe083b3a1fde3ebc12c0ce95826c1319718f03985c10d74"
"50","/revenue-command-center/b2c-workflow/quote","b2c-workflow","false","false","false","STATIC_ACCEPTED","PENDING_AUTHENTICATED_PREVIEW","app/(protected)/revenue-command-center/b2c-workflow/quote/page.tsx","22ecc3c9b75df79e15366d1dbd2051eccae269fd344c4d7743e20680160f1ce0"
"51","/revenue-command-center/b2c-workflow/recovery","b2c-workflow","false","false","false","STATIC_ACCEPTED","PENDING_AUTHENTICATED_PREVIEW","app/(protected)/revenue-command-center/b2c-workflow/recovery/page.tsx","1457fdb7184880264f181db81fa646775c94a0e36401f4b8393ed3cebfd849f9"
"52","/revenue-command-center/b2c-workflow/retention","b2c-workflow","false","false","false","STATIC_ACCEPTED","PENDING_AUTHENTICATED_PREVIEW","app/(protected)/revenue-command-center/b2c-workflow/retention/page.tsx","da68fa447a94046ad298dd22e1dcdefb1d5dff73a9ec239bc13c657690c8a45d"
"53","/revenue-command-center/b2c-workflow/risk","b2c-workflow","false","false","false","STATIC_ACCEPTED","PENDING_AUTHENTICATED_PREVIEW","app/(protected)/revenue-command-center/b2c-workflow/risk/page.tsx","4756d37df65f57f44b884edefa9dffc7c4a270716711626f6a11c6c52075ec03"
"54","/revenue-command-center/business-development","business-development","false","false","true","STATIC_ACCEPTED","PENDING_AUTHENTICATED_PREVIEW","app/(protected)/revenue-command-center/business-development/page.tsx","f16b2bc150b8edfae46a32637b1b5745681a08fbc4798a99eb7fdabf0407c0db"
"55","/revenue-command-center/campaigns/[id]/assets","campaigns","true","false","false","STATIC_ACCEPTED_DYNAMIC_RUNTIME_REQUIRED","PENDING_AUTHENTICATED_PREVIEW","app/(protected)/revenue-command-center/campaigns/[id]/assets/page.tsx","b65cb3f4e73ba5b1be15e080092ed59f33dcd7391546f04661313ecf82f6fb83"
"56","/revenue-command-center/campaigns/[id]/execution","campaigns","true","false","false","STATIC_ACCEPTED_DYNAMIC_RUNTIME_REQUIRED","PENDING_AUTHENTICATED_PREVIEW","app/(protected)/revenue-command-center/campaigns/[id]/execution/page.tsx","f44517b657870ebfa829995b39a84e45a08e29fc661bab296567a026a7ab8d9b"
"57","/revenue-command-center/campaigns/[id]","campaigns","true","false","false","STATIC_ACCEPTED_DYNAMIC_RUNTIME_REQUIRED","PENDING_AUTHENTICATED_PREVIEW","app/(protected)/revenue-command-center/campaigns/[id]/page.tsx","4ead3a848bd952009ff4dd5de9d2db48cb7ed9caccb58a4b621c94f5489c9b3c"
"58","/revenue-command-center/campaigns/[id]/performance","campaigns","true","false","false","STATIC_ACCEPTED_DYNAMIC_RUNTIME_REQUIRED","PENDING_AUTHENTICATED_PREVIEW","app/(protected)/revenue-command-center/campaigns/[id]/performance/page.tsx","7ce33fc77a38b804f839c6fd8bd6f6c60d807ce592178db2417dd722408577dc"
"59","/revenue-command-center/campaigns/board","campaigns","false","false","false","STATIC_ACCEPTED","PENDING_AUTHENTICATED_PREVIEW","app/(protected)/revenue-command-center/campaigns/board/page.tsx","84092bac3a4aadb2a117ef1a4713bd29f2167df9af3ebe7880ce3161409fa122"
"60","/revenue-command-center/campaigns/new","campaigns","false","false","false","STATIC_ACCEPTED","PENDING_AUTHENTICATED_PREVIEW","app/(protected)/revenue-command-center/campaigns/new/page.tsx","ba3bc769c1ca8fa8b5f55ad403fd21e72eaae333bd7c9cd24b74181326302585"
"61","/revenue-command-center/campaigns","campaigns","false","false","false","STATIC_ACCEPTED","PENDING_AUTHENTICATED_PREVIEW","app/(protected)/revenue-command-center/campaigns/page.tsx","f9c4e3f75b22cdbcd6f742c0e18ee24adf0d0eeb75ff391ecf9de37c4ceeada5"
"62","/revenue-command-center/cockpit","cockpit","false","false","true","STATIC_ACCEPTED","PENDING_AUTHENTICATED_PREVIEW","app/(protected)/revenue-command-center/cockpit/page.tsx","ce12b38389dc2f5d5af48cb23fc84d1487f1903a3e011787417d754ff95c6bdd"
"63","/revenue-command-center/control-tower","control-tower","false","false","false","STATIC_ACCEPTED","PENDING_AUTHENTICATED_PREVIEW","app/(protected)/revenue-command-center/control-tower/page.tsx","f5e8fc918ac8ba40b70f77bc3f8cde0c951682babb49989ad59d48aa67d20d24"
"64","/revenue-command-center/daily-desk","daily-desk","false","false","false","STATIC_ACCEPTED","PENDING_AUTHENTICATED_PREVIEW","app/(protected)/revenue-command-center/daily-desk/page.tsx","0059e1135a11b78a3558c802f1dd1fe2e143763d716d4e0b150f590fa6e862d9"
"65","/revenue-command-center/daily-tasks/[id]","daily-tasks","true","false","false","STATIC_ACCEPTED_DYNAMIC_RUNTIME_REQUIRED","PENDING_AUTHENTICATED_PREVIEW","app/(protected)/revenue-command-center/daily-tasks/[id]/page.tsx","4441881782c4852968b8c700180bef72fe7cd3f1626f71ef865395ed85b1320d"
"66","/revenue-command-center/daily-tasks/agents","daily-tasks","false","false","false","STATIC_ACCEPTED","PENDING_AUTHENTICATED_PREVIEW","app/(protected)/revenue-command-center/daily-tasks/agents/page.tsx","b9905e10722260fa190ab6d4e3103176c5d2cd191d26fb78eae7a46e7e89690e"
"67","/revenue-command-center/daily-tasks/analytics","daily-tasks","false","false","false","STATIC_ACCEPTED","PENDING_AUTHENTICATED_PREVIEW","app/(protected)/revenue-command-center/daily-tasks/analytics/page.tsx","4d46d14ca2f9816d012e13bbc4eaf0a83fce7619f14937a7b2eabc57f026f4fa"
"68","/revenue-command-center/daily-tasks/approvals","daily-tasks","false","false","false","STATIC_ACCEPTED","PENDING_AUTHENTICATED_PREVIEW","app/(protected)/revenue-command-center/daily-tasks/approvals/page.tsx","c7a214c426d459a4268b328c86398d7f2b117de6ea45bc0644b805fdb1c5cfe1"
"69","/revenue-command-center/daily-tasks/blocked","daily-tasks","false","false","false","STATIC_ACCEPTED","PENDING_AUTHENTICATED_PREVIEW","app/(protected)/revenue-command-center/daily-tasks/blocked/page.tsx","43932d4eae80eb56d5b669537715b75d24f6f8115d55dbae6c39ced336a642f5"
"70","/revenue-command-center/daily-tasks/board","daily-tasks","false","false","false","STATIC_ACCEPTED","PENDING_AUTHENTICATED_PREVIEW","app/(protected)/revenue-command-center/daily-tasks/board/page.tsx","90771e038b4904b616b625a77de97c1f1cbda819b5690798864993f6fc31a2df"
"71","/revenue-command-center/daily-tasks/calendar","daily-tasks","false","false","false","STATIC_ACCEPTED","PENDING_AUTHENTICATED_PREVIEW","app/(protected)/revenue-command-center/daily-tasks/calendar/page.tsx","89ab0f044b3cced40e774137ba60b81905e4595bfa34241f87e0aee3104a414b"
"72","/revenue-command-center/daily-tasks/focus","daily-tasks","false","false","false","STATIC_ACCEPTED","PENDING_AUTHENTICATED_PREVIEW","app/(protected)/revenue-command-center/daily-tasks/focus/page.tsx","5772d95082ae5a938075125dbd8e554aa6e37cce2fc62b3ab11a770baba863a2"
"73","/revenue-command-center/daily-tasks/list","daily-tasks","false","false","false","STATIC_ACCEPTED","PENDING_AUTHENTICATED_PREVIEW","app/(protected)/revenue-command-center/daily-tasks/list/page.tsx","d9a1ab731cad187d85c20fb16bc78677e7106bd614503f2e0af33d3f37acbe8d"
"74","/revenue-command-center/daily-tasks/new","daily-tasks","false","false","false","STATIC_ACCEPTED","PENDING_AUTHENTICATED_PREVIEW","app/(protected)/revenue-command-center/daily-tasks/new/page.tsx","34291f016a6c67f48d34497ab76a6097ce67c9a477ae668416825bd9da01e4de"
"75","/revenue-command-center/daily-tasks","daily-tasks","false","false","false","STATIC_ACCEPTED","PENDING_AUTHENTICATED_PREVIEW","app/(protected)/revenue-command-center/daily-tasks/page.tsx","745e9d7910c4696d5ebdfd792929ff836955f99a162cb5f6907ace2801748e40"
"76","/revenue-command-center/decision-maps","decision-maps","false","false","false","STATIC_ACCEPTED","PENDING_AUTHENTICATED_PREVIEW","app/(protected)/revenue-command-center/decision-maps/page.tsx","2eabca15a41ef20e7354a9e86fefc837cb448dabca046f894928880bdc500a4c"
"77","/revenue-command-center/documents","documents","false","false","false","STATIC_ACCEPTED","PENDING_AUTHENTICATED_PREVIEW","app/(protected)/revenue-command-center/documents/page.tsx","4063849450809b1cfd2004cd199be8a69093179bfe751f3e827d814e075f4b36"
"78","/revenue-command-center/elite-command","elite-command","false","false","true","STATIC_ACCEPTED","PENDING_AUTHENTICATED_PREVIEW","app/(protected)/revenue-command-center/elite-command/page.tsx","956905010ab3c17a8330a1eec5db71bc8fb684cf8f50f07ecbcb11a181850e4f"
"79","/revenue-command-center/executive-briefing","executive-briefing","false","false","false","STATIC_ACCEPTED","PENDING_AUTHENTICATED_PREVIEW","app/(protected)/revenue-command-center/executive-briefing/page.tsx","63f9a9e92816af3d1c8c48f5fe9e333f059773d020387f55dccc642c4e3ef858"
"80","/revenue-command-center/follow-ups/overdue","follow-ups","false","false","false","STATIC_ACCEPTED","PENDING_AUTHENTICATED_PREVIEW","app/(protected)/revenue-command-center/follow-ups/overdue/page.tsx","39db94204830265c1d72059beb24f637cbf72405642b2ad0c5023742c9ebcccd"
"81","/revenue-command-center/follow-ups","follow-ups","false","false","false","STATIC_ACCEPTED","PENDING_AUTHENTICATED_PREVIEW","app/(protected)/revenue-command-center/follow-ups/page.tsx","1aba0bfe0b873eaa40f6b6992f2f81d8ca2dec7f44a6c6493a2656e74933407c"
"82","/revenue-command-center/growth","growth","false","false","true","STATIC_ACCEPTED","PENDING_AUTHENTICATED_PREVIEW","app/(protected)/revenue-command-center/growth/page.tsx","f55af970168c70c479885483ef911c08d89a1b5f9fc5337d24bf787bfb13d426"
"83","/revenue-command-center/leads-impact","leads-impact","false","false","true","STATIC_ACCEPTED","PENDING_AUTHENTICATED_PREVIEW","app/(protected)/revenue-command-center/leads-impact/page.tsx","faa9d5ff0361661c2d9f6239f0045d4fb88c71828138b4751b741dab7c912635"
"84","/revenue-command-center/management","management","false","false","false","STATIC_ACCEPTED","PENDING_AUTHENTICATED_PREVIEW","app/(protected)/revenue-command-center/management/page.tsx","87a07e8280d75a482b8e5a5bf337f87e65cda150f9ad0e329c499727978af44c"
"85","/revenue-command-center/market-insights","market-insights","false","true","false","INTENTIONAL_REDIRECT_REQUIRES_RUNTIME","PENDING_AUTHENTICATED_PREVIEW","app/(protected)/revenue-command-center/market-insights/page.tsx","20d6198e68183cb2dbbe3ee6bbc5aa1b10e13258d0241d13073be7093da886f4"
"86","/revenue-command-center/market-mapping","market-mapping","false","false","true","STATIC_ACCEPTED","PENDING_AUTHENTICATED_PREVIEW","app/(protected)/revenue-command-center/market-mapping/page.tsx","33ddb0ff25c0318dd6e53381583bbfbc47bc042e7f32e49287fe0a60f355c891"
"87","/revenue-command-center/master-command","master-command","false","false","true","STATIC_ACCEPTED","PENDING_AUTHENTICATED_PREVIEW","app/(protected)/revenue-command-center/master-command/page.tsx","956ea586d3c4643c84266552e59063a4faf57e585e4f4ceb575b5c3063719998"
"88","/revenue-command-center/meta-readiness","meta-readiness","false","false","false","STATIC_ACCEPTED","PENDING_AUTHENTICATED_PREVIEW","app/(protected)/revenue-command-center/meta-readiness/page.tsx","7b2546e2e1cbaa62598347daec825e34649fc1028206db68653e3713e06f7322"
"89","/revenue-command-center/my-work","my-work","false","false","false","STATIC_ACCEPTED","PENDING_AUTHENTICATED_PREVIEW","app/(protected)/revenue-command-center/my-work/page.tsx","aa90910d41ac676e1ca3b7fc94504136db4c17d54973d415b12c3f7458ede20e"
"90","/revenue-command-center/notifications","notifications","false","false","true","STATIC_ACCEPTED","PENDING_AUTHENTICATED_PREVIEW","app/(protected)/revenue-command-center/notifications/page.tsx","283500a7a77006fd79141e433dae95a9087b18704ed83b5f5dc0967a083e9f3c"
"91","/revenue-command-center/overdue-heatmap","overdue-heatmap","false","false","false","STATIC_ACCEPTED","PENDING_AUTHENTICATED_PREVIEW","app/(protected)/revenue-command-center/overdue-heatmap/page.tsx","b7ad7986eca18b7deb86d74ea9acb2f4479d4455f0d79980567d69280f8ef972"
"92","/revenue-command-center","executive","false","false","false","STATIC_ACCEPTED","PENDING_AUTHENTICATED_PREVIEW","app/(protected)/revenue-command-center/page.tsx","39bbba858eaa3e87dc38d37c252dd4e1211bd8263624dcead720c446b0a7971b"
"93","/revenue-command-center/partnerships/[id]/activation","partnerships","true","false","false","STATIC_ACCEPTED_DYNAMIC_RUNTIME_REQUIRED","PENDING_AUTHENTICATED_PREVIEW","app/(protected)/revenue-command-center/partnerships/[id]/activation/page.tsx","07a1bf8743cf22c515b88075c5ee83f8727e4bced3ab63b2be603a8ea5239c2c"
"94","/revenue-command-center/partnerships/[id]/agreement","partnerships","true","false","false","STATIC_ACCEPTED_DYNAMIC_RUNTIME_REQUIRED","PENDING_AUTHENTICATED_PREVIEW","app/(protected)/revenue-command-center/partnerships/[id]/agreement/page.tsx","364ca768dba1dcc2f48b3df99d4832eb22972ebe707ccc03ffdfd6d94cfbed66"
"95","/revenue-command-center/partnerships/[id]/decision-map","partnerships","true","false","false","STATIC_ACCEPTED_DYNAMIC_RUNTIME_REQUIRED","PENDING_AUTHENTICATED_PREVIEW","app/(protected)/revenue-command-center/partnerships/[id]/decision-map/page.tsx","3167b3e40fea98d25ac3764dabb2136f68a879886962ad4197026ccdfc2ce12e"
"96","/revenue-command-center/partnerships/[id]","partnerships","true","false","false","STATIC_ACCEPTED_DYNAMIC_RUNTIME_REQUIRED","PENDING_AUTHENTICATED_PREVIEW","app/(protected)/revenue-command-center/partnerships/[id]/page.tsx","20b55dea72142b25451366e1b36cf8f6afd308b57b33093b66c4a1856d65fbba"
"97","/revenue-command-center/partnerships/[id]/proposal","partnerships","true","false","false","STATIC_ACCEPTED_DYNAMIC_RUNTIME_REQUIRED","PENDING_AUTHENTICATED_PREVIEW","app/(protected)/revenue-command-center/partnerships/[id]/proposal/page.tsx","ab9e81ccd8069ca09e20bd16faa9418768f86557d19f180ed05ef9ef8196e34d"
"98","/revenue-command-center/partnerships/[id]/qualification","partnerships","true","false","false","STATIC_ACCEPTED_DYNAMIC_RUNTIME_REQUIRED","PENDING_AUTHENTICATED_PREVIEW","app/(protected)/revenue-command-center/partnerships/[id]/qualification/page.tsx","720ab870332b742b9577de8f628bc75ff68a62773f3c1eaf4042dfc4d1606783"
"99","/revenue-command-center/partnerships/[id]/recovery","partnerships","true","false","false","STATIC_ACCEPTED_DYNAMIC_RUNTIME_REQUIRED","PENDING_AUTHENTICATED_PREVIEW","app/(protected)/revenue-command-center/partnerships/[id]/recovery/page.tsx","089f210a7ce9cf0729254d78affad5001875dffe43c195060de7c30bd3c41de6"
"100","/revenue-command-center/partnerships/[id]/referrals","partnerships","true","false","false","STATIC_ACCEPTED_DYNAMIC_RUNTIME_REQUIRED","PENDING_AUTHENTICATED_PREVIEW","app/(protected)/revenue-command-center/partnerships/[id]/referrals/page.tsx","6cd41f154dc71460d670d3db3ab00ed5eff652cf98da58832010cbdd4546dfb8"
"101","/revenue-command-center/partnerships/activation","partnerships","false","false","false","STATIC_ACCEPTED","PENDING_AUTHENTICATED_PREVIEW","app/(protected)/revenue-command-center/partnerships/activation/page.tsx","194a98773389f0d47123dab434449fa98d193e88c5b8cc5674bae8d4a790b716"
"102","/revenue-command-center/partnerships/agreements","partnerships","false","false","false","STATIC_ACCEPTED","PENDING_AUTHENTICATED_PREVIEW","app/(protected)/revenue-command-center/partnerships/agreements/page.tsx","d740dd3a0a4bd8512bdcb38a90ae42c06a7f592d7864c8a1eedb287c4fa6110b"
"103","/revenue-command-center/partnerships/decision-map","partnerships","false","false","false","STATIC_ACCEPTED","PENDING_AUTHENTICATED_PREVIEW","app/(protected)/revenue-command-center/partnerships/decision-map/page.tsx","75f5937e80745d510ce4caee936d1dbc9565e7b285996d2473bb8ec85dadbe1d"
"104","/revenue-command-center/partnerships/executive","partnerships","false","false","false","STATIC_ACCEPTED","PENDING_AUTHENTICATED_PREVIEW","app/(protected)/revenue-command-center/partnerships/executive/page.tsx","144410439698bb2cdb7c76ed67dd376d5978596e40692308901dda99a8db1a2f"
"105","/revenue-command-center/partnerships/growth","partnerships","false","false","false","STATIC_ACCEPTED","PENDING_AUTHENTICATED_PREVIEW","app/(protected)/revenue-command-center/partnerships/growth/page.tsx","9a8e282acb56ef37cea8e7addd84ed913b60cf223001de977d1ff8fc24a8628d"
"106","/revenue-command-center/partnerships/high-value","partnerships","false","false","false","STATIC_ACCEPTED","PENDING_AUTHENTICATED_PREVIEW","app/(protected)/revenue-command-center/partnerships/high-value/page.tsx","1d5e644ac4d7666428f641c3d7a24ccf8a6ed0ff6d75107c165436e6fc0e01b2"
"107","/revenue-command-center/partnerships/meetings","partnerships","false","false","false","STATIC_ACCEPTED","PENDING_AUTHENTICATED_PREVIEW","app/(protected)/revenue-command-center/partnerships/meetings/page.tsx","a8b1fdbad5e10bafad7cc536c76c76e655317d4f0923b0a68af1c300fb481aef"
"108","/revenue-command-center/partnerships/new","partnerships","false","false","false","STATIC_ACCEPTED","PENDING_AUTHENTICATED_PREVIEW","app/(protected)/revenue-command-center/partnerships/new/page.tsx","a370e1b46222db8f9cc4ed571cf65dbc9c9b0066cd67f26d2ff316961dc6c3ae"
"109","/revenue-command-center/partnerships","partnerships","false","false","false","STATIC_ACCEPTED","PENDING_AUTHENTICATED_PREVIEW","app/(protected)/revenue-command-center/partnerships/page.tsx","c2692cfde9ae7269dcb897bb088a40888d1f0e96114aed56774a36c0d284cc68"
"110","/revenue-command-center/partnerships/performance","partnerships","false","false","false","STATIC_ACCEPTED","PENDING_AUTHENTICATED_PREVIEW","app/(protected)/revenue-command-center/partnerships/performance/page.tsx","99e21ebcf87289457c85fa505cb40b88a1f9ffa985885dfce4d07f577efb19b3"
"111","/revenue-command-center/partnerships/pipeline","partnerships","false","false","false","STATIC_ACCEPTED","PENDING_AUTHENTICATED_PREVIEW","app/(protected)/revenue-command-center/partnerships/pipeline/page.tsx","27626bd0dbfabbba26dafc02c4feede3b68d4936eef72638aa5efc3392a8aa5a"
"112","/revenue-command-center/partnerships/proposals","partnerships","false","false","false","STATIC_ACCEPTED","PENDING_AUTHENTICATED_PREVIEW","app/(protected)/revenue-command-center/partnerships/proposals/page.tsx","47f5220ce6a0734b40ea1e239a67ea2d1a42ea753ec7624bcd74cc759aa09380"
"113","/revenue-command-center/partnerships/qualification","partnerships","false","false","false","STATIC_ACCEPTED","PENDING_AUTHENTICATED_PREVIEW","app/(protected)/revenue-command-center/partnerships/qualification/page.tsx","fbf48f0ea6b7898646915ab0bb86fb7b44ebc5084ea40d2bfcdbdd8aa374e96f"
"114","/revenue-command-center/partnerships/recovery","partnerships","false","false","false","STATIC_ACCEPTED","PENDING_AUTHENTICATED_PREVIEW","app/(protected)/revenue-command-center/partnerships/recovery/page.tsx","dc164e85ebdcdf836bf797ca53d5860d8035879ae8d84b56c79a90097bf3b593"
"115","/revenue-command-center/partnerships/referrals","partnerships","false","false","false","STATIC_ACCEPTED","PENDING_AUTHENTICATED_PREVIEW","app/(protected)/revenue-command-center/partnerships/referrals/page.tsx","ec81f7427571b88935b6924167cc58ccc4db874303b1fa1f6357c1ec6a1ae42e"
"116","/revenue-command-center/partnerships/risk","partnerships","false","false","false","STATIC_ACCEPTED","PENDING_AUTHENTICATED_PREVIEW","app/(protected)/revenue-command-center/partnerships/risk/page.tsx","2b145bf211383b095ca1eecc5954e18e333aecc4b6a31af2d943e271df985f89"
"117","/revenue-command-center/predictive","predictive","false","false","false","STATIC_ACCEPTED","PENDING_AUTHENTICATED_PREVIEW","app/(protected)/revenue-command-center/predictive/page.tsx","87f66c3040aa1191d5ba8cfd36fde49a4e7b31dd9ad4e576e3e3d2ddf265a604"
"118","/revenue-command-center/prospects/[id]/decision-map","prospects","true","false","false","STATIC_ACCEPTED_DYNAMIC_RUNTIME_REQUIRED","PENDING_AUTHENTICATED_PREVIEW","app/(protected)/revenue-command-center/prospects/[id]/decision-map/page.tsx","d9b0cd3af36a998fbd89c6d3782cf443f40b5ba5cb81645e7cd4ba71f086e81b"
"119","/revenue-command-center/prospects/[id]/negotiation","prospects","true","false","false","STATIC_ACCEPTED_DYNAMIC_RUNTIME_REQUIRED","PENDING_AUTHENTICATED_PREVIEW","app/(protected)/revenue-command-center/prospects/[id]/negotiation/page.tsx","b38f16b055404d1807c625e6beba5dfef329ac6d152fcaa5360a258f0fa2e095"
"120","/revenue-command-center/prospects/[id]","prospects","true","false","false","STATIC_ACCEPTED_DYNAMIC_RUNTIME_REQUIRED","PENDING_AUTHENTICATED_PREVIEW","app/(protected)/revenue-command-center/prospects/[id]/page.tsx","1d76a995f519db0edfb6602de05962f291668dd2af6d9ab3d0de16925e2829ef"
"121","/revenue-command-center/prospects/[id]/proposal","prospects","true","false","false","STATIC_ACCEPTED_DYNAMIC_RUNTIME_REQUIRED","PENDING_AUTHENTICATED_PREVIEW","app/(protected)/revenue-command-center/prospects/[id]/proposal/page.tsx","c3ce12755912f11833be830ab5d319302063c2b3cf763e9b2ca140c0e37dd875"
"122","/revenue-command-center/prospects/[id]/qualification","prospects","true","false","false","STATIC_ACCEPTED_DYNAMIC_RUNTIME_REQUIRED","PENDING_AUTHENTICATED_PREVIEW","app/(protected)/revenue-command-center/prospects/[id]/qualification/page.tsx","1c839206c3e1a0c155b9f85150db1569a0acd96afe2cd6cedd566a9ff93fcbce"
"123","/revenue-command-center/prospects/[id]/recovery","prospects","true","false","false","STATIC_ACCEPTED_DYNAMIC_RUNTIME_REQUIRED","PENDING_AUTHENTICATED_PREVIEW","app/(protected)/revenue-command-center/prospects/[id]/recovery/page.tsx","03b800efbf04a6d7e1de3b15fec2d5a89fefb9f19702fd6705be408e550d1e21"
"124","/revenue-command-center/prospects/analytics","prospects","false","false","false","STATIC_ACCEPTED","PENDING_AUTHENTICATED_PREVIEW","app/(protected)/revenue-command-center/prospects/analytics/page.tsx","31811ac65543c46c8d8fabeaa7bc77aad7b00589ee7bd6528c4d8aaee46b1363"
"125","/revenue-command-center/prospects/appointments","prospects","false","false","false","STATIC_ACCEPTED","PENDING_AUTHENTICATED_PREVIEW","app/(protected)/revenue-command-center/prospects/appointments/page.tsx","d905eaf854f8d442c80e0585b1cbf6e0bf09f0a6766706f84a699ddc71e3d936"
"126","/revenue-command-center/prospects/decision-map","prospects","false","false","false","STATIC_ACCEPTED","PENDING_AUTHENTICATED_PREVIEW","app/(protected)/revenue-command-center/prospects/decision-map/page.tsx","e2b5f110a829687d7c0cd915ad1d01a1e1af1b9488db0ed8e60b8b1c8e56c9c1"
"127","/revenue-command-center/prospects/directory","prospects","false","false","false","STATIC_ACCEPTED","PENDING_AUTHENTICATED_PREVIEW","app/(protected)/revenue-command-center/prospects/directory/page.tsx","3780dcb8d8d342ddefecf15a051fbbe9b8c5eddfff760405eac6c7c26cce89d8"
"128","/revenue-command-center/prospects/executive","prospects","false","false","false","STATIC_ACCEPTED","PENDING_AUTHENTICATED_PREVIEW","app/(protected)/revenue-command-center/prospects/executive/page.tsx","0a24bb8e5643c9f5d0987ad96b0360f0c022c2fe7b11935df216b3ead5f63519"
"129","/revenue-command-center/prospects/high-value","prospects","false","false","false","STATIC_ACCEPTED","PENDING_AUTHENTICATED_PREVIEW","app/(protected)/revenue-command-center/prospects/high-value/page.tsx","a1352c4ee6547e4e1cd57c4597d50939437b86c6cad22b70b11099404e9f1cc4"
"130","/revenue-command-center/prospects/negotiation","prospects","false","false","false","STATIC_ACCEPTED","PENDING_AUTHENTICATED_PREVIEW","app/(protected)/revenue-command-center/prospects/negotiation/page.tsx","1570ca55ce1b4e5fdc297cdadb264c4bb22ed4f4f63b83c6d569893b3d99db83"
"131","/revenue-command-center/prospects/new","prospects","false","false","false","STATIC_ACCEPTED","PENDING_AUTHENTICATED_PREVIEW","app/(protected)/revenue-command-center/prospects/new/page.tsx","6d771dd49c7aa5ff20c8ce3f80fb21a5c069fe851a164af5112246bdf274cb52"
"132","/revenue-command-center/prospects","prospects","false","false","false","STATIC_ACCEPTED","PENDING_AUTHENTICATED_PREVIEW","app/(protected)/revenue-command-center/prospects/page.tsx","99733112c67be98f5738c702683a60135dc38c36b1b338129fe65edd07f76aa0"
"133","/revenue-command-center/prospects/performance","prospects","false","false","false","STATIC_ACCEPTED","PENDING_AUTHENTICATED_PREVIEW","app/(protected)/revenue-command-center/prospects/performance/page.tsx","8a7f48b9cdfc93437b551a9fc3480bbf4e7c306a1fb88af0c6becc6198109a47"
"134","/revenue-command-center/prospects/pipeline","prospects","false","false","false","STATIC_ACCEPTED","PENDING_AUTHENTICATED_PREVIEW","app/(protected)/revenue-command-center/prospects/pipeline/page.tsx","4603447254355c2fe0b70bb7d28fda51d054f77394131cba85b81c3f8f825b52"
"135","/revenue-command-center/prospects/proposals","prospects","false","false","false","STATIC_ACCEPTED","PENDING_AUTHENTICATED_PREVIEW","app/(protected)/revenue-command-center/prospects/proposals/page.tsx","32e83155962e746144abbea286e944a456fa4a0bd68cbd14d6dfb04be4cb1bef"
"136","/revenue-command-center/prospects/qualification","prospects","false","false","false","STATIC_ACCEPTED","PENDING_AUTHENTICATED_PREVIEW","app/(protected)/revenue-command-center/prospects/qualification/page.tsx","6b205a2ad42344d3d59a4bece9cca962a0e78692a0a0c318f3adc36e9b55194b"
"137","/revenue-command-center/prospects/recovery","prospects","false","false","false","STATIC_ACCEPTED","PENDING_AUTHENTICATED_PREVIEW","app/(protected)/revenue-command-center/prospects/recovery/page.tsx","eaed71781422ca99b04e5d11e1b233a6092fd88e290e699271248b59f211a9f7"
"138","/revenue-command-center/prospects/risk","prospects","false","false","false","STATIC_ACCEPTED","PENDING_AUTHENTICATED_PREVIEW","app/(protected)/revenue-command-center/prospects/risk/page.tsx","038453fea3b95070caadf5c8e59f3e02a8800f140fba5a9a60fd2a92365cb160"
"139","/revenue-command-center/recovery-import","recovery-import","false","false","false","STATIC_ACCEPTED","PENDING_AUTHENTICATED_PREVIEW","app/(protected)/revenue-command-center/recovery-import/page.tsx","3ae58a3f89b67da1bda44bdeeb7e725045522c07b527b8c4c08f8f5e06f20eae"
"140","/revenue-command-center/revenue-analytics","revenue-analytics","false","false","false","STATIC_ACCEPTED","PENDING_AUTHENTICATED_PREVIEW","app/(protected)/revenue-command-center/revenue-analytics/page.tsx","dba3aa8ca5e64f143d87a9072ddd862ba1e2d272f4ec9d7fc1046362b8d5f420"
"141","/revenue-command-center/sdr-execution","sdr-execution","false","false","false","STATIC_ACCEPTED","PENDING_AUTHENTICATED_PREVIEW","app/(protected)/revenue-command-center/sdr-execution/page.tsx","a326b0f89cfe76600815b57ea0c3bb1850e4bf3b907222c59d26d058697b7663"
"142","/revenue-command-center/strategy-room","strategy-room","false","false","false","STATIC_ACCEPTED","PENDING_AUTHENTICATED_PREVIEW","app/(protected)/revenue-command-center/strategy-room/page.tsx","beb8438cae9de17da958481e8ac0f5fb50618066d4f535acc22f59f776634607"
"143","/revenue-command-center/system-activation","system-activation","false","false","false","STATIC_ACCEPTED","PENDING_AUTHENTICATED_PREVIEW","app/(protected)/revenue-command-center/system-activation/page.tsx","bd9d14f42665728308c71ebbdf655fbc0297dc5d30b5e6eead33cff323140f5e"
"144","/revenue-command-center/tasks/[id]","tasks","true","false","false","STATIC_ACCEPTED_DYNAMIC_RUNTIME_REQUIRED","PENDING_AUTHENTICATED_PREVIEW","app/(protected)/revenue-command-center/tasks/[id]/page.tsx","ebf47380018c6b0bb5fe8fd4eaa6eaae65cd5f08a139ab4df60734b8ff982036"
"145","/revenue-command-center/tasks/approvals","tasks","false","false","false","STATIC_ACCEPTED","PENDING_AUTHENTICATED_PREVIEW","app/(protected)/revenue-command-center/tasks/approvals/page.tsx","127444841ced9571d84575bff3e78da74aa1a68bb903b449531ac42fc4485f33"
"146","/revenue-command-center/tasks/blocked","tasks","false","false","false","STATIC_ACCEPTED","PENDING_AUTHENTICATED_PREVIEW","app/(protected)/revenue-command-center/tasks/blocked/page.tsx","696c6a1808bbc435e68a806d6b39ad199f71b426b0bd8e4e90e10f7e75947a84"
"147","/revenue-command-center/tasks/board","tasks","false","false","false","STATIC_ACCEPTED","PENDING_AUTHENTICATED_PREVIEW","app/(protected)/revenue-command-center/tasks/board/page.tsx","53a405e44909cccd2aeb9f817fd51d822f136e0f19351f3c464c5301fe73de44"
"148","/revenue-command-center/tasks/new","tasks","false","false","false","STATIC_ACCEPTED","PENDING_AUTHENTICATED_PREVIEW","app/(protected)/revenue-command-center/tasks/new/page.tsx","fdd8c34546ef97c0ae41902547c3c09784fec7b0f732e9e93fa1e0a01fd72b4a"
"149","/revenue-command-center/tasks","tasks","false","false","false","STATIC_ACCEPTED","PENDING_AUTHENTICATED_PREVIEW","app/(protected)/revenue-command-center/tasks/page.tsx","85d5db7b7eb3c6546a8c14924cf99a46397b42457b1235283403d1b3ff02ab9a"
"150","/revenue-command-center/team-performance","team-performance","false","false","false","STATIC_ACCEPTED","PENDING_AUTHENTICATED_PREVIEW","app/(protected)/revenue-command-center/team-performance/page.tsx","2130e84a9f48adcab21bfa3680e3b30eb4478a3d1f18205a3916d3be82185f01"
"151","/revenue-command-center/workload-balancer","workload-balancer","false","false","false","STATIC_ACCEPTED","PENDING_AUTHENTICATED_PREVIEW","app/(protected)/revenue-command-center/workload-balancer/page.tsx","5903f7d3eed305ea96f30a454bdfe9ea07c4ce54affd4e44806c6e46a2da9cdb"
